id,reservee,time,restaurantId
1,Eulalia Gusikowski,2018-11-17 20:30:00,78
2,Carolyne Konopelski,2018-11-21 12:00:00,40
3,Nathan Feeney DDS,2018-11-24 21:30:00,37
4,Edyth Fadel,2018-11-10 19:00:00,18
5,Rose Bins,2018-11-09 19:00:00,72
6,Kali Koch,2018-11-12 12:00:00,80
7,Wilburn Mueller,2018-11-23 19:00:00,51
8,Freddie Sauer Sr.,2018-11-18 21:30:00,31
9,Claire Lang,2018-11-23 20:00:00,39
10,Jensen Luettgen,2018-11-20 21:30:00,81
11,Larue Doyle,2018-11-23 15:30:00,6
12,Cierra Reichel,2018-11-25 14:30:00,63
13,Cristal Huel,2018-11-14 19:30:00,65
14,Sherman Balistreri DVM,2018-11-09 16:00:00,68
15,Frederique Halvorson,2018-11-26 18:30:00,82
16,Cindy Graham III,2018-11-26 13:00:00,93
17,Maximilian Walker,2018-11-16 14:00:00,97
18,Pietro Feil Jr.,2018-11-17 21:00:00,45
19,Aurore Von,2018-11-16 19:30:00,38
20,Dax Ebert,2018-11-25 15:30:00,76
21,Elisabeth Metz,2018-11-10 15:30:00,30
22,Alvina Kihn,2018-11-18 15:30:00,55
23,Emilie Von MD,2018-11-10 19:30:00,14
24,Jaren Glover,2018-11-23 19:30:00,40
25,Heloise Cummerata,2018-11-18 12:00:00,11
26,Jed Carroll,2018-11-23 13:30:00,86
27,Darien Treutel,2018-11-20 20:00:00,27
28,Alexander Macejkovic III,2018-11-15 20:30:00,4
29,Tod Gerhold,2018-11-14 20:00:00,88
30,Yessenia Streich,2018-11-24 12:00:00,78
31,Sophie Kunde,2018-11-23 14:30:00,21
32,Gideon Klein,2018-11-23 20:30:00,4
33,Anya Bruen,2018-11-08 14:30:00,41
34,Dominic Tillman MD,2018-11-22 14:00:00,60
35,Moises Breitenberg Jr.,2018-11-15 14:30:00,50
36,Americo Daugherty,2018-11-25 12:30:00,40
37,Noemy Leuschke,2018-11-24 14:30:00,45
38,Carmel Veum,2018-11-13 13:00:00,85
39,Audie Durgan,2018-11-16 14:00:00,4
40,Dr. Duncan Schimmel,2018-11-19 18:00:00,90
41,Shany Kovacek,2018-11-11 12:30:00,44
42,Ivy Thiel,2018-11-16 16:00:00,47
43,Catalina Hintz,2018-11-09 13:00:00,29
44,Georgette Rath,2018-11-18 13:30:00,86
45,Alexane Rowe,2018-11-22 14:00:00,28
46,Damaris D'Amore,2018-11-21 17:00:00,1
47,Hailee Wilkinson,2018-11-18 17:30:00,95
48,Esta Lubowitz,2018-11-23 19:00:00,65
49,Summer Frami,2018-11-17 17:00:00,92
50,Kenyon Sporer,2018-11-18 21:00:00,4
51,Tillman Hane,2018-11-11 15:30:00,68
52,Zaria Franecki,2018-11-09 17:30:00,57
53,Christine Morar,2018-11-10 19:30:00,67
54,Burnice Witting,2018-11-15 17:00:00,21
55,Guy Batz,2018-11-13 12:30:00,47
56,Lester O'Hara,2018-11-24 14:30:00,96
57,Robert Cartwright,2018-11-18 21:30:00,90
58,Wilson Smitham,2018-11-16 14:30:00,79
59,Rosetta Leuschke,2018-11-16 14:00:00,75
60,Opal Kris IV,2018-11-15 18:30:00,71
61,Helga Cummerata,2018-11-08 20:30:00,81
62,Vida Hauck,2018-11-08 13:00:00,97
63,Cody Nitzsche III,2018-11-23 20:00:00,48
64,Kadin Wolf,2018-11-24 16:30:00,70
65,Oswaldo Kiehn,2018-11-19 13:30:00,2
66,Jermaine Kub,2018-11-16 17:30:00,16
67,Dina Pacocha,2018-11-11 16:30:00,44
68,Mrs. Miguel Runolfsson,2018-11-17 14:00:00,72
69,Emory Hilpert,2018-11-26 20:00:00,45
70,Arnaldo Prohaska,2018-11-14 19:30:00,93
71,Waldo Jakubowski,2018-11-19 20:00:00,97
72,King Rice MD,2018-11-19 16:00:00,58
73,Joshuah Flatley,2018-11-25 21:00:00,98
74,Norma Crona,2018-11-16 19:30:00,63
75,Miss Amina Graham,2018-11-21 13:00:00,40
76,Rosa Bogan,2018-11-08 17:00:00,96
77,Dr. Monica Mraz,2018-11-22 18:00:00,21
78,Roscoe Graham,2018-11-22 16:30:00,6
79,Ms. Myrtis Douglas,2018-11-26 18:30:00,46
80,Miss Eugenia Wuckert,2018-11-12 12:30:00,33
81,Lionel Spencer,2018-11-14 19:00:00,60
82,Hailee Nikolaus,2018-11-10 21:00:00,73
83,Anabelle Lesch,2018-11-21 13:30:00,28
84,Wilfredo Bogan,2018-11-18 13:30:00,12
85,Margarete Gislason,2018-11-26 21:00:00,99
86,Mr. Benjamin Schiller,2018-11-16 21:30:00,90
87,Christine Bahringer I,2018-11-20 18:30:00,69
88,Mrs. Deron Toy,2018-11-12 12:30:00,67
89,Sadie Hayes,2018-11-19 16:30:00,85
90,Rowland Zieme,2018-11-10 16:30:00,42
91,Justine McCullough,2018-11-22 16:00:00,72
92,Amira Turner,2018-11-13 15:00:00,70
93,Addie O'Conner,2018-11-12 16:30:00,69
94,Joaquin Nader,2018-11-16 20:30:00,58
95,Ms. Adelbert Mills,2018-11-11 15:00:00,50
96,Eloisa Pacocha,2018-11-12 19:30:00,24
97,Thurman Prosacco,2018-11-11 19:00:00,75
98,Sonya Ankunding,2018-11-20 18:00:00,35
99,Ulises Koepp,2018-11-23 16:00:00,71
100,Kianna Skiles,2018-11-23 19:30:00,35
101,Beaulah Gleichner,2018-11-26 17:30:00,20
102,Brent Turner,2018-11-19 18:30:00,29
103,Brycen Wolf,2018-11-25 21:00:00,48
104,Lucie Dach,2018-11-10 18:00:00,52
105,Lennie Kihn,2018-11-23 15:00:00,62
106,Nico Torphy,2018-11-18 14:30:00,45
107,Miss Susana Monahan,2018-11-24 19:30:00,0
108,Kelli Koepp,2018-11-20 18:30:00,22
109,Isac Runolfsson,2018-11-22 21:30:00,40
110,Joaquin Mraz,2018-11-24 13:00:00,75
111,Erich Schultz,2018-11-19 12:30:00,23
112,Daphney Armstrong,2018-11-26 18:30:00,92
113,Desiree Batz Jr.,2018-11-10 20:00:00,18
114,Joanie Blanda,2018-11-10 18:00:00,55
115,Angelina Torphy,2018-11-10 17:30:00,44
116,Ilene Hauck PhD,2018-11-15 18:30:00,27
117,Mohammad Altenwerth,2018-11-25 20:30:00,13
118,Lester Bosco,2018-11-15 16:00:00,42
119,Gordon Zemlak,2018-11-22 16:30:00,10
120,Piper Kuvalis,2018-11-25 18:30:00,41
121,Thomas Romaguera,2018-11-12 20:30:00,52
122,Lonie Reilly III,2018-11-26 20:30:00,89
123,Julien Emmerich,2018-11-20 20:30:00,6
124,Jannie Schumm,2018-11-09 17:00:00,82
125,Adriana Lindgren,2018-11-21 16:00:00,38
126,Bella Hodkiewicz PhD,2018-11-13 15:30:00,50
127,Dale Dickens,2018-11-12 12:30:00,26
128,Donnie Kuphal,2018-11-08 15:30:00,81
129,Xzavier Huel,2018-11-23 18:00:00,55
130,Mr. Yoshiko Romaguera,2018-11-19 12:00:00,72
131,Ayden Lubowitz,2018-11-19 12:30:00,58
132,Bart Marks,2018-11-15 17:30:00,29
133,Ms. Omari Mosciski,2018-11-23 15:30:00,21
134,Bette Bauch,2018-11-23 16:00:00,76
135,Elyssa Ferry,2018-11-08 19:00:00,36
136,Branson Becker,2018-11-21 21:00:00,81
137,Elmo Bednar,2018-11-25 14:00:00,92
138,Emmet Russel,2018-11-19 12:00:00,27
139,Aletha Grant,2018-11-19 15:00:00,19
140,Nichole Moore,2018-11-11 19:30:00,78
141,Lonny Purdy,2018-11-25 20:00:00,47
142,Berenice Huel,2018-11-23 15:00:00,94
143,Miss Jaydon Bode,2018-11-16 20:00:00,83
144,Rosalyn Batz,2018-11-10 14:30:00,78
145,Dr. Myrtle Auer,2018-11-19 15:30:00,63
146,Harmon Lind DVM,2018-11-24 13:30:00,1
147,Lyda Wiegand,2018-11-17 12:00:00,49
148,Madeline Purdy,2018-11-09 19:30:00,34
149,Miss Dillon Prosacco,2018-11-25 17:00:00,5
150,Creola Bartell,2018-11-18 20:00:00,76
151,Deja Gulgowski,2018-11-08 20:00:00,37
152,Dorris Bins PhD,2018-11-10 16:00:00,96
153,Elias Fadel,2018-11-24 17:00:00,32
154,Aurore Kunze,2018-11-18 20:30:00,38
155,Ms. Cyrus Heathcote,2018-11-14 19:00:00,63
156,Caesar Krajcik Sr.,2018-11-18 16:00:00,93
157,Jaycee Senger,2018-11-22 14:00:00,81
158,Idell Yost,2018-11-08 12:00:00,20
159,Gilda Moen,2018-11-12 13:30:00,45
160,Hanna Block,2018-11-11 16:00:00,57
161,Otilia Torp,2018-11-19 18:30:00,50
162,Malvina Mayer,2018-11-23 21:00:00,93
163,Susanna Conroy,2018-11-14 15:30:00,23
164,Maximillia Legros,2018-11-11 14:30:00,98
165,Dewayne Kirlin,2018-11-25 15:30:00,68
166,Felipa Gulgowski,2018-11-24 15:00:00,3
167,Ben Langworth MD,2018-11-16 18:30:00,93
168,Reyes Schaden,2018-11-22 18:00:00,87
169,Edgardo Christiansen DDS,2018-11-20 18:30:00,28
170,Elwyn Ortiz,2018-11-25 20:30:00,16
171,Nikki Beer DVM,2018-11-16 19:30:00,48
172,Dino Gerlach,2018-11-11 16:00:00,55
173,Sierra Baumbach,2018-11-17 20:30:00,90
174,Mrs. Jeremie Schamberger,2018-11-13 18:00:00,88
175,Darrion Wisozk,2018-11-16 18:30:00,38
176,Dr. Christelle Terry,2018-11-15 20:30:00,56
177,Jamaal Reichel,2018-11-15 14:00:00,6
178,Rosalinda Erdman,2018-11-21 19:30:00,1
179,Shea Ferry,2018-11-20 20:30:00,45
180,Myrtice Kunze,2018-11-15 12:00:00,17
181,Candace Kertzmann V,2018-11-09 17:00:00,15
182,Margret Keeling,2018-11-19 19:30:00,39
183,Anika Homenick,2018-11-11 18:30:00,48
184,Raleigh Daugherty,2018-11-24 20:30:00,70
185,Earnest Hamill,2018-11-21 19:30:00,70
186,Nathen Muller,2018-11-20 12:00:00,6
187,Agnes Jacobs,2018-11-19 14:00:00,32
188,Reuben Treutel,2018-11-18 21:30:00,34
189,Meredith Bahringer,2018-11-19 21:30:00,98
190,Tom Johnson,2018-11-25 18:00:00,68
191,Adelbert Willms MD,2018-11-18 21:00:00,35
192,Ms. Myrtle Mante,2018-11-20 16:30:00,90
193,Broderick Zboncak,2018-11-16 17:00:00,43
194,Abner Kautzer DVM,2018-11-16 19:30:00,44
195,Fidel Pfannerstill,2018-11-09 12:30:00,35
196,Joanie Wehner,2018-11-14 15:00:00,40
197,Lonie Dibbert,2018-11-09 15:30:00,37
198,Albina Doyle,2018-11-17 14:00:00,30
199,Ms. Sammy Schuppe,2018-11-12 12:00:00,33
200,Magnus Pagac,2018-11-26 12:00:00,69
201,Danika Conroy,2018-11-25 14:00:00,16
202,Simeon Lockman,2018-11-11 14:00:00,94
203,Nicholas Kerluke,2018-11-14 21:30:00,0
204,Tyler Jacobi V,2018-11-13 14:00:00,34
205,Sanford Hagenes PhD,2018-11-15 13:00:00,72
206,Eusebio Ortiz,2018-11-20 15:00:00,86
207,Mr. Juvenal Farrell,2018-11-17 14:30:00,79
208,Kianna Kemmer,2018-11-23 19:30:00,5
209,Boyd Lakin,2018-11-12 12:00:00,61
210,Lauretta Streich,2018-11-18 20:30:00,70
211,Oceane Pacocha,2018-11-09 21:30:00,9
212,Lonzo McClure,2018-11-17 17:30:00,88
213,Cordie Cremin,2018-11-26 17:30:00,93
214,Gabe Kessler,2018-11-22 19:30:00,72
215,Deshawn Ankunding,2018-11-18 17:30:00,61
216,Monroe Rutherford,2018-11-20 19:00:00,85
217,Alexis Schoen,2018-11-12 12:30:00,45
218,Wilton Hermann,2018-11-11 16:00:00,62
219,Braeden Wehner DDS,2018-11-09 15:30:00,49
220,Cathy Herman,2018-11-20 18:00:00,45
221,Jaycee Zboncak,2018-11-15 19:00:00,52
222,Dereck Rolfson,2018-11-25 20:00:00,76
223,Keira Casper,2018-11-16 13:00:00,13
224,Ava O'Kon I,2018-11-16 17:30:00,55
225,Savanah Walter III,2018-11-16 16:00:00,73
226,Jane Herzog,2018-11-17 21:00:00,72
227,Ms. Rhianna Zboncak,2018-11-22 21:30:00,11
228,Jada Connelly,2018-11-18 19:30:00,24
229,Dr. Erich Tremblay,2018-11-22 17:00:00,11
230,Wilton Bogan,2018-11-20 12:00:00,13
231,Haleigh Lakin,2018-11-14 14:30:00,79
232,Kyra Torp,2018-11-09 16:00:00,86
233,Bartholome Lubowitz I,2018-11-20 15:30:00,26
234,Cassidy Maggio,2018-11-25 18:30:00,89
235,Ned Gleichner,2018-11-19 12:00:00,83
236,Julie Thiel,2018-11-24 18:30:00,89
237,Payton Toy,2018-11-16 14:00:00,91
238,Tremaine West V,2018-11-16 12:30:00,6
239,Luther Schulist,2018-11-16 19:00:00,28
240,Melisa Jaskolski,2018-11-19 20:30:00,71
241,Sadye Metz,2018-11-15 17:30:00,40
242,Cheyanne Grady,2018-11-20 21:00:00,75
243,Giovani Kulas,2018-11-25 20:30:00,84
244,Jordane Oberbrunner,2018-11-08 18:00:00,30
245,Christina Howe,2018-11-15 12:00:00,1
246,Sallie Buckridge,2018-11-26 20:30:00,17
247,Nola Marquardt,2018-11-18 12:00:00,38
248,Nettie Rempel,2018-11-17 19:00:00,0
249,Kenyatta McCullough,2018-11-11 15:30:00,35
250,Osvaldo Collier,2018-11-25 18:30:00,58
251,Vaughn Larson,2018-11-25 21:00:00,92
252,Jermey Reinger,2018-11-14 14:30:00,4
253,Ms. Zoie Cummerata,2018-11-13 17:30:00,44
254,Alexis Schuster,2018-11-17 14:30:00,6
255,Alvera Schinner,2018-11-17 14:00:00,99
256,Abel Donnelly,2018-11-11 12:00:00,84
257,Lew Reichel,2018-11-14 16:00:00,60
258,Freddie Murazik,2018-11-26 20:00:00,46
259,Dora Volkman,2018-11-23 19:30:00,34
260,Madelynn Daniel,2018-11-16 12:00:00,68
261,Vena Graham,2018-11-19 20:00:00,69
262,Deon Blick,2018-11-19 16:00:00,75
263,Waino DuBuque,2018-11-19 21:30:00,8
264,Jason Greenholt,2018-11-21 15:30:00,31
265,Emmett McDermott,2018-11-26 15:30:00,35
266,Tod Smitham,2018-11-12 21:30:00,46
267,Cody Gibson,2018-11-14 18:00:00,50
268,Tess Brown,2018-11-13 20:30:00,23
269,Ms. Henri Zieme,2018-11-14 19:00:00,41
270,Brigitte Kessler,2018-11-14 18:30:00,67
271,Evalyn Moen,2018-11-17 19:30:00,27
272,Annamarie Heller,2018-11-16 14:30:00,46
273,Rachelle Dickinson,2018-11-11 18:00:00,41
274,Ryder Hansen,2018-11-22 18:00:00,75
275,Howell Ziemann,2018-11-20 15:00:00,76
276,Pat Bruen,2018-11-11 19:30:00,75
277,Aiden Thompson,2018-11-21 19:00:00,47
278,Colten Green,2018-11-10 14:00:00,61
279,Wilbert Ziemann DVM,2018-11-18 15:30:00,62
280,Daphnee Kozey,2018-11-09 14:00:00,38
281,Bruce Kirlin,2018-11-13 12:30:00,6
282,Franco Blanda,2018-11-09 19:00:00,79
283,Toy Predovic IV,2018-11-14 12:30:00,71
284,Sienna Romaguera,2018-11-13 20:30:00,56
285,Michelle Yost,2018-11-15 13:30:00,66
286,Zelda Nicolas,2018-11-20 13:00:00,24
287,Wellington Jones,2018-11-09 14:00:00,95
288,Lesley Barton,2018-11-23 16:00:00,57
289,Antonietta Rohan,2018-11-15 12:00:00,32
290,Brett Feest DDS,2018-11-23 13:00:00,82
291,Tiffany Rodriguez,2018-11-13 21:00:00,97
292,Fae Kshlerin Jr.,2018-11-13 14:30:00,66
293,Catherine Hartmann,2018-11-25 20:30:00,86
294,Oran Kris,2018-11-18 16:00:00,62
295,Georgette Schmitt,2018-11-19 12:30:00,94
296,Alan Schultz Jr.,2018-11-14 14:00:00,11
297,Evie Toy,2018-11-09 13:00:00,90
298,Watson Lynch,2018-11-10 19:00:00,82
299,Sophia Bradtke DDS,2018-11-21 13:00:00,74
300,Chesley Farrell,2018-11-19 16:00:00,60
301,Royal Hammes,2018-11-10 12:00:00,14
302,Ryley Dickens,2018-11-09 15:30:00,74
303,Pasquale Larson,2018-11-14 18:00:00,58
304,Raquel Lemke,2018-11-24 20:00:00,37
305,Claudie Hegmann,2018-11-13 21:00:00,28
306,Lillie Cummings,2018-11-21 20:30:00,98
307,Carmela Ward,2018-11-14 15:00:00,40
308,Dr. Idella Kunze,2018-11-15 12:30:00,41
309,Gustave Blanda,2018-11-15 21:00:00,77
310,Jordane Carter,2018-11-15 20:00:00,5
311,Wilburn Schuppe,2018-11-09 12:30:00,60
312,Mr. Nannie Zieme,2018-11-23 21:30:00,71
313,Eleanore Streich,2018-11-17 17:30:00,34
314,Miss Lelah Gleichner,2018-11-09 19:00:00,5
315,Bell Simonis,2018-11-26 21:30:00,88
316,Henriette Hamill,2018-11-26 19:00:00,31
317,Dr. Janice Bartell,2018-11-20 20:30:00,78
318,Freida Gerlach,2018-11-12 16:30:00,19
319,Charlene Crona,2018-11-19 21:30:00,42
320,Lisandro Crist,2018-11-14 20:30:00,52
321,Manuel Rau,2018-11-09 16:30:00,99
322,Roel Conn,2018-11-22 12:30:00,21
323,Monica Beatty,2018-11-15 15:30:00,96
324,Lavonne VonRueden,2018-11-14 13:30:00,65
325,Megane Frami,2018-11-09 13:00:00,88
326,Maximilian Harber,2018-11-14 21:00:00,32
327,Nick Altenwerth,2018-11-13 13:30:00,68
328,Kay Towne,2018-11-21 18:00:00,58
329,Quinten VonRueden,2018-11-16 16:30:00,75
330,Demetris Blanda,2018-11-25 19:00:00,66
331,Narciso O'Hara,2018-11-17 17:30:00,30
332,Felipa Torphy MD,2018-11-16 16:30:00,7
333,Agustin Larson PhD,2018-11-16 14:00:00,3
334,Mrs. Orin Schmidt,2018-11-15 20:30:00,53
335,Junior Walsh,2018-11-09 13:30:00,61
336,Kailee Rath DDS,2018-11-18 14:00:00,90
337,Mrs. Rafael Hoeger,2018-11-24 16:30:00,29
338,Ewell Bauch,2018-11-09 21:00:00,0
339,Reanna Kihn,2018-11-17 16:30:00,7
340,Lamar Jacobs,2018-11-26 17:00:00,11
341,Delaney Bartell,2018-11-19 17:00:00,47
342,Hoyt Huel,2018-11-18 15:30:00,63
343,Stephen Goyette,2018-11-15 13:00:00,75
344,Bobbie Gleason,2018-11-17 20:00:00,56
345,Miss Dulce Wunsch,2018-11-22 21:00:00,9
346,Adah Jones,2018-11-11 18:00:00,23
347,Malika Braun,2018-11-23 12:00:00,15
348,Tyree Herzog,2018-11-19 12:30:00,69
349,Adolfo Anderson,2018-11-12 12:00:00,54
350,Christian Mraz,2018-11-26 21:00:00,64
351,Earnestine Collier,2018-11-24 20:00:00,8
352,Javon Kirlin,2018-11-18 18:00:00,92
353,Rigoberto Ankunding,2018-11-14 15:00:00,76
354,Cole Cole,2018-11-19 13:30:00,75
355,Dr. Golden Bruen,2018-11-22 19:30:00,43
356,Katlyn Johnston,2018-11-23 18:30:00,49
357,Retha Runolfsdottir,2018-11-11 20:30:00,51
358,Berniece Tremblay,2018-11-08 19:30:00,39
359,Hugh Leffler Jr.,2018-11-13 17:00:00,35
360,Jeff Witting,2018-11-11 12:00:00,76
361,Jasmin Hintz,2018-11-13 21:00:00,24
362,Genoveva Ward,2018-11-25 19:30:00,86
363,Rafaela Funk,2018-11-21 17:00:00,44
364,Luigi Quitzon,2018-11-20 18:00:00,0
365,Elenor Brown,2018-11-10 18:30:00,89
366,Orval Huel,2018-11-14 16:30:00,47
367,Georgianna Reynolds,2018-11-19 15:00:00,48
368,Chelsey Hickle,2018-11-20 20:00:00,81
369,Darren Mayer,2018-11-25 19:30:00,73
370,Reuben Ebert MD,2018-11-10 17:00:00,95
371,Margarette Predovic,2018-11-09 16:30:00,89
372,Elwin Stanton,2018-11-25 13:00:00,66
373,Laila Kessler V,2018-11-20 19:00:00,90
374,Zena Bernhard,2018-11-14 15:30:00,74
375,Vicky Gutmann,2018-11-21 17:00:00,75
376,Ruthie Okuneva,2018-11-14 20:00:00,43
377,Anita Greenholt IV,2018-11-26 15:00:00,34
378,Baby Wehner,2018-11-14 20:00:00,60
379,Whitney Heidenreich,2018-11-11 16:30:00,74
380,Lauretta Abshire,2018-11-12 21:30:00,14
381,Nelson Pagac,2018-11-18 21:30:00,46
382,Linnie Mitchell,2018-11-13 20:30:00,75
383,Jean Huels,2018-11-26 20:00:00,69
384,Dejah Upton,2018-11-16 14:30:00,9
385,Jan Ankunding,2018-11-15 19:00:00,2
386,Miss Shane Miller,2018-11-22 14:30:00,85
387,Sigurd Wiegand,2018-11-18 17:30:00,47
388,Armani Lindgren,2018-11-21 18:00:00,47
389,Marcella Bergstrom,2018-11-17 17:00:00,82
390,Lenore Wolff,2018-11-16 15:30:00,13
391,Reyna Lebsack,2018-11-24 12:00:00,89
392,Karson Lubowitz,2018-11-13 17:30:00,97
393,Tod Kilback,2018-11-22 21:30:00,43
394,Lawrence O'Hara,2018-11-10 16:30:00,41
395,Rosalinda Crooks,2018-11-13 12:30:00,77
396,Rhianna Hermiston,2018-11-26 13:00:00,33
397,Miss Kelley Reilly,2018-11-12 15:30:00,86
398,Miss Ilene Welch,2018-11-21 20:00:00,93
399,Michel Rohan,2018-11-24 13:30:00,31
400,Miss Lazaro Rutherford,2018-11-08 14:30:00,6
401,Mortimer Heller,2018-11-26 18:00:00,61
402,Mauricio Durgan,2018-11-16 16:00:00,23
403,Hubert Farrell PhD,2018-11-09 20:30:00,27
404,Mr. Genoveva Rohan,2018-11-12 14:30:00,54
405,Landen Brekke,2018-11-20 16:30:00,77
406,Marcelino Greenholt,2018-11-15 19:30:00,14
407,Angelina Hegmann III,2018-11-25 12:00:00,13
408,Horace Kutch,2018-11-13 15:00:00,1
409,Caesar Bogan V,2018-11-18 14:00:00,4
410,Ethan Boyer,2018-11-16 19:30:00,38
411,Rey Robel,2018-11-16 13:00:00,86
412,Mrs. Reanna Senger,2018-11-11 19:00:00,21
413,Heaven Dare,2018-11-21 18:00:00,70
414,Tara Schaden,2018-11-14 20:00:00,10
415,Keanu Denesik,2018-11-18 20:00:00,28
416,Trey Moen,2018-11-10 13:30:00,50
417,Carmel Dietrich,2018-11-08 17:30:00,13
418,Joshuah Schimmel III,2018-11-23 20:30:00,1
419,Zechariah Prohaska,2018-11-19 16:00:00,96
420,Wilhelm Kutch,2018-11-20 15:00:00,87
421,Bria Sauer,2018-11-13 13:30:00,57
422,Kristy Romaguera,2018-11-15 12:30:00,38
423,Annabel Jacobs,2018-11-20 14:30:00,67
424,Santina Mante II,2018-11-21 19:00:00,27
425,Jerrell Wyman DDS,2018-11-20 13:30:00,11
426,Blaise Schinner,2018-11-23 12:00:00,96
427,Laron Champlin,2018-11-22 21:30:00,82
428,Viva Mertz II,2018-11-25 15:00:00,82
429,Shanelle Volkman,2018-11-22 12:00:00,31
430,Daija Williamson,2018-11-22 20:30:00,32
431,Verla Crona,2018-11-26 17:30:00,10
432,Barrett Lakin,2018-11-12 19:00:00,6
433,Alyson Schaden,2018-11-09 21:00:00,71
434,Malcolm Cummerata I,2018-11-17 13:00:00,35
435,Mac Reynolds,2018-11-16 20:30:00,91
436,Teagan Ortiz,2018-11-21 13:00:00,30
437,Christ Streich,2018-11-16 13:00:00,16
438,Flavie Waters,2018-11-13 14:30:00,52
439,Mrs. Claud Considine,2018-11-20 19:00:00,22
440,Jannie Dicki,2018-11-16 13:30:00,31
441,Roscoe Dare,2018-11-19 13:30:00,40
442,Nelson Fahey,2018-11-15 15:30:00,21
443,Reid Turner IV,2018-11-15 14:30:00,83
444,Tate VonRueden,2018-11-25 19:00:00,13
445,Lilyan Hermiston,2018-11-12 15:00:00,36
446,Mrs. Donnell Green,2018-11-13 12:30:00,1
447,Leonel Gerhold DVM,2018-11-15 16:30:00,66
448,Will Bahringer,2018-11-09 19:30:00,87
449,Kenna Will,2018-11-16 14:30:00,67
450,Wade Simonis PhD,2018-11-09 15:00:00,88
451,Britney Gaylord,2018-11-09 21:30:00,5
452,Weldon Sipes,2018-11-12 18:00:00,42
453,Elmer Lockman,2018-11-12 12:30:00,24
454,Ms. Rogelio Pouros,2018-11-22 14:30:00,49
455,Sophie Towne,2018-11-20 16:30:00,38
456,Amira Barrows,2018-11-10 12:30:00,38
457,Dr. Jovanny Kuhic,2018-11-11 14:00:00,81
458,Garnett Reinger,2018-11-10 13:00:00,77
459,Miss Janessa Nolan,2018-11-09 15:00:00,65
460,Kyla Rath,2018-11-13 14:00:00,91
461,Aiyana Torphy,2018-11-14 21:30:00,92
462,Oceane Miller,2018-11-24 17:30:00,58
463,Nettie Towne,2018-11-11 14:30:00,20
464,Dr. Citlalli Trantow,2018-11-15 20:30:00,93
465,Wilton Goldner,2018-11-09 16:30:00,71
466,Madelyn Koelpin DDS,2018-11-18 21:00:00,71
467,Ms. Chauncey Klein,2018-11-26 21:30:00,72
468,Tia Schulist,2018-11-15 12:00:00,4
469,Novella Bednar,2018-11-21 21:00:00,79
470,Talia Kunde Sr.,2018-11-19 19:00:00,92
471,Sabrina Funk,2018-11-14 19:00:00,8
472,Vincent Herman MD,2018-11-12 16:30:00,56
473,Alden Cassin,2018-11-25 16:30:00,60
474,Norris Gleason DVM,2018-11-21 16:30:00,78
475,Gordon Wisoky,2018-11-15 15:30:00,91
476,Arnold Emard PhD,2018-11-19 17:30:00,33
477,Reta Bayer V,2018-11-09 19:00:00,28
478,Dolores Kozey,2018-11-15 15:30:00,91
479,Gustave Kreiger,2018-11-23 19:30:00,23
480,Wilfred Lowe,2018-11-23 19:30:00,31
481,Ms. Alysa Walsh,2018-11-13 20:30:00,46
482,Kira Koss,2018-11-09 17:00:00,77
483,Theresia Ratke,2018-11-12 21:30:00,22
484,Noe Padberg,2018-11-23 19:00:00,42
485,Walton Stamm,2018-11-12 17:30:00,14
486,Sid Reichel,2018-11-26 13:00:00,41
487,Mr. Nicolette Satterfield,2018-11-16 19:00:00,21
488,Sylvia Jaskolski DDS,2018-11-11 16:30:00,55
489,Brain Hettinger,2018-11-08 16:00:00,30
490,Alva Koepp,2018-11-15 17:30:00,82
491,Raoul Fadel,2018-11-10 14:30:00,42
492,Jasper Hessel,2018-11-13 20:30:00,36
493,Savanah O'Connell,2018-11-17 12:00:00,12
494,Zita Bauch,2018-11-25 17:30:00,88
495,Jettie Gleason,2018-11-16 17:00:00,20
496,Stevie Crona,2018-11-18 20:00:00,70
497,Wilber Kris PhD,2018-11-13 18:30:00,99
498,Vallie Thompson III,2018-11-14 16:00:00,46
499,Lolita Wiza,2018-11-26 15:30:00,29
500,Rita McGlynn,2018-11-23 18:00:00,70
501,Krystel Hermiston,2018-11-25 16:00:00,77
502,Mrs. Unique Bernhard,2018-11-17 20:00:00,67
503,Emanuel Kovacek,2018-11-19 12:30:00,12
504,Camylle Price,2018-11-14 16:00:00,72
505,Iva Wisoky,2018-11-09 19:30:00,6
506,Ms. Lois Block,2018-11-23 16:30:00,21
507,Idella Murray,2018-11-20 15:00:00,37
508,Albert Harvey,2018-11-16 14:00:00,92
509,Dr. Laisha Durgan,2018-11-23 18:00:00,42
510,Linnea Wiegand,2018-11-25 19:30:00,42
511,Vincenza Steuber,2018-11-19 18:00:00,42
512,Maye Beatty,2018-11-12 15:30:00,16
513,Keagan Will,2018-11-19 18:30:00,9
514,Mr. Marianne Blick,2018-11-25 21:00:00,67
515,Elmer Steuber,2018-11-26 20:30:00,30
516,Stephon Bruen,2018-11-23 21:00:00,20
517,Minerva Marvin,2018-11-15 16:00:00,47
518,Eloisa Bauch,2018-11-21 14:00:00,21
519,Friedrich Heathcote DDS,2018-11-14 15:00:00,15
520,Judah Kirlin,2018-11-18 14:30:00,53
521,Nora Frami,2018-11-16 19:00:00,94
522,Judah Rice,2018-11-09 15:00:00,78
523,Jaquan Kessler,2018-11-18 16:30:00,22
524,Mrs. Electa VonRueden,2018-11-17 15:30:00,29
525,Shanna Kub PhD,2018-11-21 21:00:00,34
526,Miss Eleanora Bode,2018-11-21 12:30:00,11
527,Gerard Lesch,2018-11-09 15:00:00,64
528,Jonathan VonRueden,2018-11-22 20:30:00,95
529,Pierce Hilpert,2018-11-16 14:30:00,67
530,Robert Maggio,2018-11-22 20:30:00,15
531,Dahlia Leuschke,2018-11-11 12:00:00,65
532,Mrs. Emilio Pacocha,2018-11-16 14:30:00,61
533,Tyrique Thompson,2018-11-21 17:00:00,6
534,Dexter Ledner,2018-11-20 12:30:00,87
535,Eino Torp,2018-11-12 19:00:00,74
536,Deshaun Grant,2018-11-13 15:00:00,65
537,Clemens Miller,2018-11-20 12:00:00,8
538,Maddison Fritsch,2018-11-18 17:00:00,89
539,Heber Kreiger,2018-11-25 14:00:00,7
540,Franz Connelly,2018-11-23 20:00:00,68
541,Solon Rowe,2018-11-14 20:30:00,67
542,Herta Cole,2018-11-09 17:00:00,90
543,Jewell Keebler,2018-11-24 12:30:00,85
544,Maverick Kreiger,2018-11-14 14:00:00,28
545,Bernardo Friesen,2018-11-22 15:00:00,6
546,Coy Bruen,2018-11-12 19:30:00,56
547,Jerod Olson,2018-11-16 16:30:00,57
548,Jaime Altenwerth,2018-11-20 14:00:00,60
549,Mrs. Larry Hirthe,2018-11-26 21:30:00,94
550,Madge Wisoky II,2018-11-17 14:00:00,73
551,Urban Haag,2018-11-23 12:00:00,66
552,Anabel O'Conner PhD,2018-11-24 20:00:00,5
553,Grant Dicki,2018-11-10 20:00:00,26
554,Hallie Berge,2018-11-16 21:30:00,91
555,Bertram VonRueden,2018-11-21 17:00:00,30
556,Pearlie Senger,2018-11-21 21:30:00,80
557,Kathlyn Witting IV,2018-11-09 17:30:00,47
558,Darius Jakubowski,2018-11-22 16:00:00,75
559,Miss Hilario Metz,2018-11-26 21:30:00,0
560,Irwin Toy,2018-11-25 20:00:00,67
561,Loren Fadel,2018-11-11 14:30:00,50
562,Britney Moore Sr.,2018-11-09 13:00:00,74
563,Raymundo Parker I,2018-11-08 16:00:00,73
564,Dulce Romaguera,2018-11-16 21:00:00,37
565,Isom Heaney,2018-11-10 21:00:00,94
566,Jess Bednar,2018-11-19 21:30:00,26
567,Carissa Roob,2018-11-13 12:30:00,81
568,Bridget Rosenbaum,2018-11-15 15:00:00,39
569,Monserrate Kessler,2018-11-25 14:00:00,64
570,Ernie Moore,2018-11-22 17:00:00,66
571,Ramona McKenzie,2018-11-13 13:30:00,91
572,Deshawn Blick,2018-11-09 18:30:00,96
573,Freddy Zulauf,2018-11-12 18:00:00,18
574,Velma Mitchell,2018-11-13 20:00:00,48
575,Hardy Goodwin,2018-11-20 17:00:00,2
576,Mr. Philip Ebert,2018-11-20 14:30:00,81
577,Rashawn Reilly,2018-11-20 19:00:00,85
578,Adriana Ondricka,2018-11-25 19:30:00,57
579,Verlie Hauck,2018-11-23 17:30:00,74
580,Osvaldo Goodwin IV,2018-11-24 13:00:00,25
581,Magdalena Legros,2018-11-16 15:00:00,21
582,Austyn Corwin,2018-11-25 12:30:00,45
583,Caesar Wehner,2018-11-21 14:30:00,22
584,Devan Nader,2018-11-16 19:30:00,54
585,Kamren Roob,2018-11-22 19:00:00,88
586,Dale Graham,2018-11-09 18:00:00,66
587,Miss Kamille Gislason,2018-11-13 17:00:00,18
588,Clarabelle Skiles,2018-11-24 21:30:00,50
589,Mrs. Sylvester Bechtelar,2018-11-14 18:30:00,99
590,Raphael Renner,2018-11-20 14:30:00,74
591,Guido Kuhn,2018-11-11 21:30:00,65
592,Lulu Ritchie,2018-11-15 21:30:00,89
593,Creola Daniel,2018-11-25 19:30:00,70
594,Mallie Jacobs,2018-11-11 21:00:00,85
595,Madelynn Bogisich,2018-11-10 17:30:00,10
596,Janie Labadie,2018-11-16 13:00:00,4
597,Birdie Purdy,2018-11-08 21:00:00,66
598,Jessie McLaughlin Jr.,2018-11-20 19:30:00,49
599,Delfina Wisozk,2018-11-11 14:30:00,66
600,Madelynn Larkin,2018-11-13 12:30:00,9
601,Raquel Johns,2018-11-19 16:00:00,21
602,Dr. Rose Padberg,2018-11-08 13:00:00,75
603,Percy Conroy,2018-11-09 12:00:00,11
604,Max Windler,2018-11-10 12:30:00,54
605,Brigitte Lebsack,2018-11-12 19:00:00,20
606,Joshuah Altenwerth,2018-11-24 17:30:00,42
607,Khalid White,2018-11-12 13:00:00,98
608,Terry Bailey,2018-11-13 20:30:00,23
609,Chasity Hansen,2018-11-25 19:30:00,50
610,Kristin Prohaska,2018-11-14 18:30:00,44
611,Kraig Hartmann,2018-11-09 19:00:00,25
612,Marlene Luettgen MD,2018-11-17 21:00:00,88
613,Vincent Little,2018-11-17 15:30:00,19
614,Zoey Nienow,2018-11-11 15:00:00,0
615,Mrs. Christy Hirthe,2018-11-17 17:00:00,27
616,Marc Kuhic,2018-11-13 20:30:00,54
617,Ford Hirthe DVM,2018-11-16 19:30:00,66
618,Donnie Hudson,2018-11-21 14:30:00,57
619,Alvena Lebsack,2018-11-22 17:00:00,54
620,Rolando Lynch,2018-11-21 16:00:00,32
621,Ebba Boehm,2018-11-24 13:00:00,2
622,Jonathon Lang,2018-11-22 12:00:00,98
623,Tanner Crist,2018-11-18 18:30:00,50
624,Talia Kuhic,2018-11-21 21:00:00,54
625,Haleigh Renner,2018-11-24 19:30:00,18
626,Millie Daugherty,2018-11-17 21:00:00,73
627,Marcella Kuhic,2018-11-16 21:00:00,68
628,Ana Sawayn,2018-11-25 19:30:00,34
629,Lester Hickle,2018-11-20 12:00:00,28
630,Harvey Grimes,2018-11-18 21:30:00,0
631,Keegan Schroeder Jr.,2018-11-13 14:30:00,97
632,Charlene Koepp,2018-11-12 18:00:00,78
633,Janessa Rolfson,2018-11-24 12:30:00,54
634,Tito Hackett,2018-11-21 12:30:00,77
635,Lane Jakubowski,2018-11-16 19:30:00,84
636,Seamus Toy II,2018-11-09 18:00:00,37
637,Lucile Muller PhD,2018-11-13 17:30:00,31
638,Mr. Alexandro Tillman,2018-11-18 18:00:00,38
639,Ms. Molly Murray,2018-11-26 15:30:00,26
640,Rolando Purdy,2018-11-09 16:00:00,36
641,Abdul Quigley,2018-11-18 12:30:00,17
642,Lyda Jones,2018-11-20 21:00:00,95
643,Hardy Bernhard,2018-11-12 21:00:00,80
644,Jimmy Senger,2018-11-11 18:30:00,12
645,Maureen Daniel,2018-11-25 16:00:00,3
646,Sonya Walsh,2018-11-09 14:00:00,41
647,Geoffrey MacGyver,2018-11-16 21:30:00,29
648,Mr. Marcella McGlynn,2018-11-14 16:30:00,64
649,Dr. Jeramy McClure,2018-11-16 17:00:00,72
650,Ryley Corwin,2018-11-26 16:30:00,55
651,Tyrel Crooks,2018-11-12 20:30:00,6
652,Emely Roob,2018-11-19 14:30:00,54
653,Evangeline King,2018-11-16 19:00:00,70
654,Miss Carole White,2018-11-19 19:30:00,41
655,Zachary Conn,2018-11-16 21:30:00,71
656,Hiram Heathcote,2018-11-18 14:00:00,84
657,Pattie Barrows,2018-11-26 18:30:00,27
658,Meggie Hintz,2018-11-09 12:30:00,17
659,Ella Price,2018-11-25 20:00:00,47
660,Jewell Jerde,2018-11-21 12:00:00,23
661,Marilou Murphy,2018-11-15 18:00:00,33
662,Mr. Nicholas Howell,2018-11-18 19:00:00,52
663,Keeley Keebler,2018-11-12 15:00:00,7
664,Jamir Farrell,2018-11-25 20:30:00,29
665,Zita Dicki,2018-11-16 18:30:00,91
666,Georgianna Aufderhar,2018-11-19 15:00:00,30
667,Al Becker,2018-11-20 16:00:00,70
668,Amber Mills,2018-11-26 17:30:00,27
669,Charlotte Oberbrunner,2018-11-15 14:00:00,37
670,Frederique Crist,2018-11-12 18:30:00,68
671,Kacie Weber,2018-11-23 19:30:00,3
672,Chesley Oberbrunner,2018-11-22 13:30:00,64
673,Mark Rodriguez,2018-11-10 20:00:00,84
674,Fidel Hermiston,2018-11-23 12:00:00,93
675,Hermina Treutel,2018-11-09 19:00:00,27
676,Gerard Stokes,2018-11-13 12:30:00,59
677,Conrad Bosco,2018-11-24 14:30:00,59
678,Kim Batz,2018-11-19 21:30:00,37
679,Nathen Lynch III,2018-11-16 17:00:00,10
680,Wade Hansen MD,2018-11-09 15:00:00,34
681,Anahi Considine,2018-11-17 15:00:00,2
682,Ernest Nitzsche,2018-11-25 16:00:00,73
683,Jedediah Hills,2018-11-11 12:30:00,51
684,Emmie Medhurst,2018-11-19 21:00:00,53
685,Faustino Schinner,2018-11-22 21:00:00,5
686,Jeramy Borer,2018-11-11 17:30:00,22
687,Corene Paucek,2018-11-11 19:00:00,42
688,Ara Stamm,2018-11-10 15:00:00,47
689,Anastasia Gaylord,2018-11-18 18:30:00,13
690,Kaleb Konopelski,2018-11-09 19:30:00,3
691,Cruz Funk,2018-11-15 17:00:00,98
692,Dr. Vesta Robel,2018-11-23 19:00:00,87
693,Kailee Graham,2018-11-09 15:00:00,68
694,Mr. Arlie Witting,2018-11-18 20:00:00,41
695,Iva Tillman,2018-11-25 18:00:00,64
696,Floyd Turcotte,2018-11-23 16:30:00,89
697,Mrs. Pierce Crona,2018-11-15 18:30:00,83
698,Jaeden Nikolaus,2018-11-13 18:30:00,3
699,Adelbert Mraz,2018-11-11 21:00:00,42
700,Melyna Torphy,2018-11-18 14:00:00,0
701,Mathew Leuschke,2018-11-21 21:00:00,11
702,Lucienne Crona,2018-11-20 16:30:00,80
703,Jena Kris,2018-11-14 21:30:00,27
704,Stewart Mills,2018-11-11 12:30:00,23
705,Dolly Tromp,2018-11-13 18:00:00,90
706,Buford Kertzmann,2018-11-17 18:30:00,69
707,Eulalia Lind,2018-11-20 20:00:00,3
708,Jimmie Kshlerin,2018-11-25 15:30:00,10
709,Jamel Streich,2018-11-11 16:00:00,30
710,Katelin Waters,2018-11-25 20:00:00,61
711,Miracle Ebert DVM,2018-11-16 19:00:00,99
712,Jamil Cummerata,2018-11-22 12:00:00,70
713,Consuelo Carter,2018-11-15 15:30:00,49
714,Francesco Pagac,2018-11-12 14:00:00,6
715,Antwon Hickle,2018-11-16 17:30:00,68
716,Nella Boyer,2018-11-15 18:00:00,73
717,Peggie Gerhold II,2018-11-26 18:00:00,18
718,Uriah Lubowitz,2018-11-15 14:00:00,28
719,Sydnie Herzog,2018-11-23 14:30:00,2
720,Mrs. Joe Jacobson,2018-11-11 14:00:00,56
721,Albertha Kertzmann,2018-11-18 16:00:00,30
722,Alverta Wilkinson,2018-11-21 21:30:00,30
723,Kobe Batz,2018-11-18 17:00:00,24
724,Stephania Hodkiewicz,2018-11-25 18:30:00,89
725,Ms. Juvenal Conroy,2018-11-13 14:00:00,5
726,Gay Adams,2018-11-14 16:00:00,20
727,Alyson Lind DDS,2018-11-17 12:00:00,42
728,Mariana Leffler,2018-11-16 18:00:00,30
729,Candido Welch,2018-11-10 16:00:00,3
730,Emma Shanahan,2018-11-26 14:00:00,39
731,Leopold Walter,2018-11-23 20:30:00,95
732,Miss Rigoberto Runte,2018-11-15 16:30:00,35
733,Michele Prosacco,2018-11-17 19:00:00,73
734,Vito Heller DDS,2018-11-10 19:00:00,6
735,Demario Lockman,2018-11-10 20:00:00,48
736,Jarred Rippin,2018-11-22 18:30:00,43
737,Fermin Rowe,2018-11-12 15:30:00,11
738,Ezequiel Pfannerstill,2018-11-10 15:00:00,16
739,Christa Mitchell,2018-11-10 18:30:00,9
740,Pedro Cormier,2018-11-18 16:00:00,15
741,Lelah Maggio,2018-11-17 12:30:00,22
742,Vilma Toy,2018-11-14 20:30:00,95
743,Isabel Stanton DVM,2018-11-19 12:00:00,29
744,Hank Streich I,2018-11-15 19:00:00,53
745,Brooks Gaylord,2018-11-18 17:00:00,93
746,Aylin Donnelly DVM,2018-11-13 16:30:00,46
747,Dorcas Kreiger,2018-11-21 14:00:00,68
748,Kacey Moore,2018-11-19 19:30:00,29
749,Miguel O'Conner,2018-11-24 19:30:00,90
750,Tevin Thiel,2018-11-13 21:00:00,35
751,Abigayle Reichert,2018-11-10 14:00:00,2
752,Mr. Broderick Emard,2018-11-12 12:00:00,46
753,Ms. Barton Cronin,2018-11-19 14:00:00,46
754,Courtney Davis IV,2018-11-12 19:00:00,7
755,Alessandro Schamberger,2018-11-12 17:00:00,41
756,Frida Hahn,2018-11-24 13:30:00,61
757,Lorena Schumm,2018-11-26 12:00:00,69
758,Berniece Volkman,2018-11-22 13:00:00,88
759,Juvenal Nicolas,2018-11-20 18:30:00,66
760,Reed Strosin,2018-11-08 18:30:00,97
761,Mrs. Maverick Hagenes,2018-11-09 21:00:00,14
762,Eusebio Jones,2018-11-10 12:30:00,2
763,Angelica Wisoky,2018-11-09 20:00:00,39
764,Teresa Murray,2018-11-10 21:00:00,5
765,Krystina Cassin,2018-11-17 17:00:00,64
766,Alberto Stroman,2018-11-09 18:00:00,85
767,Lloyd Towne,2018-11-13 20:00:00,36
768,Earline D'Amore,2018-11-14 13:30:00,86
769,Abigail Rodriguez,2018-11-11 17:00:00,73
770,Marco Grant,2018-11-26 20:30:00,25
771,Vernice Marquardt,2018-11-17 17:30:00,14
772,Sylvan Jacobson,2018-11-10 20:30:00,47
773,Kristopher Rutherford,2018-11-10 16:00:00,54
774,Jeffrey Johnston,2018-11-20 16:30:00,33
775,Kavon Walker,2018-11-17 16:30:00,64
776,Malinda Schuppe Sr.,2018-11-24 19:00:00,90
777,Doug Jaskolski,2018-11-14 18:00:00,82
778,Sofia Wisozk,2018-11-16 13:00:00,17
779,Hector Runolfsson,2018-11-16 21:00:00,91
780,Delta Feil,2018-11-21 21:30:00,87
781,Wilma Boyle,2018-11-17 13:30:00,80
782,Maybelle Kihn,2018-11-09 12:30:00,17
783,Ansley Trantow,2018-11-09 21:00:00,77
784,Morton Bergstrom MD,2018-11-12 15:30:00,74
785,Toy Cruickshank III,2018-11-15 21:30:00,74
786,Enoch Raynor,2018-11-22 12:00:00,45
787,Lisette Harris,2018-11-25 21:00:00,32
788,Avis Flatley,2018-11-14 20:00:00,69
789,Rodger Klocko,2018-11-09 17:00:00,94
790,Kenyon Zulauf,2018-11-19 15:00:00,98
791,Brycen Romaguera,2018-11-18 17:00:00,6
792,Katelyn Pacocha Sr.,2018-11-10 16:30:00,82
793,Cindy Wintheiser,2018-11-16 13:30:00,72
794,Miss Craig Bins,2018-11-26 20:00:00,94
795,Douglas Hirthe,2018-11-08 15:30:00,36
796,Janice Jenkins,2018-11-22 12:00:00,29
797,Clementine Dibbert,2018-11-15 19:00:00,49
798,Hardy Buckridge,2018-11-15 12:00:00,73
799,Jackie Johns,2018-11-15 20:30:00,86
800,Catherine Sanford II,2018-11-11 19:00:00,39
801,Armand Huels,2018-11-19 15:30:00,41
802,Wellington Brekke Jr.,2018-11-25 15:00:00,83
803,Mr. Ilene Christiansen,2018-11-23 20:00:00,6
804,Norbert Yundt,2018-11-25 16:00:00,52
805,Ramon Frami,2018-11-11 15:30:00,2
806,Dr. Delbert Smitham,2018-11-25 14:00:00,5
807,Abdullah Koelpin,2018-11-15 15:00:00,95
808,Eduardo Roberts,2018-11-23 17:30:00,5
809,Jayda Dooley,2018-11-20 13:00:00,8
810,Modesto Anderson,2018-11-17 19:30:00,86
811,Luna Welch,2018-11-17 14:00:00,16
812,Zelma Emmerich,2018-11-21 20:00:00,49
813,Sterling Corwin,2018-11-17 14:30:00,35
814,Mr. Evie Watsica,2018-11-17 18:00:00,95
815,Tressa Grant III,2018-11-16 16:30:00,95
816,Jadon Zulauf,2018-11-17 18:00:00,77
817,Rowena Corkery,2018-11-17 15:30:00,13
818,Giuseppe Connelly,2018-11-21 18:00:00,40
819,Eldora Waelchi,2018-11-09 21:00:00,44
820,Alberta Schultz,2018-11-22 16:00:00,61
821,Serenity Dickinson,2018-11-13 13:30:00,59
822,Mattie Hodkiewicz,2018-11-21 17:30:00,90
823,Timmy Denesik Sr.,2018-11-10 16:30:00,41
824,Brendon Beier,2018-11-12 15:00:00,36
825,Carlos Welch,2018-11-17 18:00:00,78
826,Miguel Miller,2018-11-25 19:30:00,8
827,Saul Crona,2018-11-11 16:00:00,62
828,Arnoldo Gerlach,2018-11-21 14:30:00,29
829,Madison Keebler,2018-11-15 14:30:00,36
830,Ms. Marquise D'Amore,2018-11-17 20:00:00,71
831,Landen Larson,2018-11-17 14:30:00,42
832,Raegan O'Connell I,2018-11-18 17:00:00,40
833,Elyssa Larkin,2018-11-15 20:00:00,25
834,Hailie Kutch,2018-11-20 20:30:00,11
835,Simeon Hamill I,2018-11-15 15:30:00,7
836,Jamir Nikolaus DDS,2018-11-15 19:00:00,49
837,Alvera Stehr,2018-11-16 12:00:00,73
838,Dean Upton,2018-11-13 16:30:00,80
839,Lavonne Gerhold,2018-11-25 18:30:00,36
840,Theron Smith V,2018-11-13 16:30:00,61
841,Donny Osinski,2018-11-11 12:30:00,33
842,Carey Wunsch,2018-11-24 12:30:00,46
843,Chester Lebsack,2018-11-26 14:30:00,90
844,Elouise Legros,2018-11-08 14:30:00,26
845,Lucio Sawayn,2018-11-08 12:00:00,58
846,Jordi Murazik,2018-11-09 14:30:00,0
847,Stan Volkman,2018-11-15 12:30:00,77
848,Abraham Kiehn II,2018-11-25 17:00:00,10
849,Nona Morar,2018-11-20 12:30:00,92
850,Theresa Yost,2018-11-20 14:00:00,14
851,Riley Bradtke,2018-11-19 21:00:00,70
852,Miguel Hudson,2018-11-17 15:00:00,76
853,Petra Vandervort,2018-11-18 17:00:00,40
854,Alexander Mueller,2018-11-13 21:00:00,67
855,Perry Gulgowski,2018-11-24 18:00:00,82
856,Narciso Johnson,2018-11-14 20:30:00,30
857,Maxine Lehner,2018-11-15 12:00:00,4
858,Gust Hermiston,2018-11-09 18:30:00,63
859,Murl Tromp,2018-11-13 20:00:00,80
860,Eliseo Sauer Sr.,2018-11-20 19:30:00,85
861,Martina Davis,2018-11-20 20:00:00,11
862,Yolanda Crooks,2018-11-20 21:00:00,85
863,Missouri Stehr,2018-11-21 16:30:00,82
864,Spencer Hudson,2018-11-17 18:30:00,66
865,Brionna Daugherty,2018-11-10 12:30:00,60
866,Kendra Swift,2018-11-24 13:30:00,86
867,Jamal Tremblay,2018-11-15 21:30:00,45
868,Alejandra Steuber,2018-11-18 18:30:00,63
869,Chaz Feeney,2018-11-21 20:00:00,59
870,Shannon Kuphal,2018-11-12 21:00:00,35
871,Chester Satterfield,2018-11-15 16:30:00,44
872,Jewell Parisian,2018-11-11 15:00:00,4
873,Quinton Herman,2018-11-21 12:30:00,39
874,Armani Nolan,2018-11-16 14:00:00,88
875,Reagan Gusikowski,2018-11-14 13:00:00,76
876,Jena Gottlieb,2018-11-10 19:30:00,97
877,Joaquin Durgan,2018-11-21 12:30:00,94
878,Mya Treutel,2018-11-20 12:30:00,3
879,Myah Rice,2018-11-13 13:00:00,93
880,Lelah Mraz,2018-11-22 18:30:00,90
881,Sanford Cummerata,2018-11-17 18:00:00,78
882,Mrs. Raegan Bogan,2018-11-13 13:30:00,27
883,Mrs. Joanie Pouros,2018-11-25 21:00:00,69
884,Angelica Rodriguez,2018-11-10 13:30:00,92
885,Mrs. Elaina Romaguera,2018-11-14 14:00:00,81
886,Damon Hansen,2018-11-16 15:30:00,19
887,Ottilie Koch,2018-11-19 19:00:00,11
888,Eduardo Koss,2018-11-22 16:00:00,96
889,Esteban Price,2018-11-20 14:30:00,95
890,Anika Predovic,2018-11-22 14:00:00,38
891,Wava Bayer,2018-11-13 19:30:00,20
892,Demarco Ondricka Jr.,2018-11-19 21:00:00,74
893,Gia O'Kon,2018-11-18 17:30:00,28
894,Brenda Kuvalis,2018-11-21 19:00:00,24
895,Elvis Lemke,2018-11-08 15:30:00,92
896,Odie Mitchell,2018-11-11 13:00:00,83
897,Tyrell Kulas,2018-11-10 18:00:00,51
898,Leland Rath Sr.,2018-11-10 13:30:00,29
899,Miss Rodrick Funk,2018-11-10 17:00:00,18
900,Quincy Kilback,2018-11-09 18:00:00,24
901,Brycen Skiles,2018-11-16 12:30:00,66
902,Mrs. Anahi Kovacek,2018-11-25 19:30:00,61
903,Ona Beahan,2018-11-19 15:30:00,86
904,Marquise Purdy,2018-11-24 19:30:00,32
905,Spencer Mann,2018-11-19 20:30:00,33
906,Mrs. Nico Rau,2018-11-16 19:30:00,29
907,Jonathan Emard,2018-11-18 21:30:00,63
908,Noemie Eichmann,2018-11-09 13:30:00,24
909,Karley Kovacek,2018-11-20 20:30:00,20
910,Calista Prosacco,2018-11-22 14:00:00,87
911,Simone Jones,2018-11-21 21:30:00,83
912,Orrin Bashirian,2018-11-25 16:30:00,29
913,Breana Robel,2018-11-26 21:30:00,10
914,Nasir Casper,2018-11-20 21:00:00,13
915,Otho Satterfield,2018-11-13 18:00:00,35
916,Oscar Kiehn,2018-11-14 13:30:00,13
917,Miss Aletha Kuphal,2018-11-13 18:00:00,21
918,Wayne McClure,2018-11-12 16:30:00,0
919,Archibald White III,2018-11-19 12:00:00,69
920,Duane Stokes,2018-11-18 13:30:00,55
921,Elwin Kutch,2018-11-17 20:00:00,68
922,Terrell Heaney,2018-11-15 12:30:00,38
923,Jazlyn Terry,2018-11-16 18:00:00,33
924,Laury Grant,2018-11-23 18:00:00,73
925,Tamara Weber,2018-11-24 19:00:00,34
926,Antonina Upton,2018-11-24 21:00:00,28
927,Marcella Collins,2018-11-22 16:00:00,16
928,Bella Barton,2018-11-23 17:30:00,80
929,Dejon Kovacek,2018-11-10 13:30:00,64
930,Delphine Rutherford,2018-11-22 12:00:00,59
931,Salma Little,2018-11-21 15:00:00,70
932,Freida Beier,2018-11-17 17:00:00,50
933,Shyanne Batz,2018-11-14 14:00:00,6
934,Lavonne Schulist,2018-11-19 12:00:00,98
935,Dennis Simonis,2018-11-16 18:00:00,10
936,Nasir Nader,2018-11-22 12:30:00,23
937,Sadye Langworth,2018-11-15 12:30:00,73
938,Pauline Weissnat,2018-11-11 19:00:00,25
939,Saul Gerhold,2018-11-22 20:00:00,59
940,Juliet Quigley,2018-11-23 16:00:00,0
941,Yasmeen Hammes,2018-11-24 18:30:00,89
942,Dangelo Dicki,2018-11-19 20:00:00,30
943,Dr. Cortney Tromp,2018-11-17 17:30:00,14
944,Beverly Orn DVM,2018-11-13 20:30:00,31
945,Donald Bahringer,2018-11-16 13:30:00,70
946,Dustin Parker,2018-11-19 13:00:00,69
947,Kim Beier,2018-11-22 17:30:00,80
948,Carolina Stark,2018-11-17 12:30:00,98
949,Filomena Mohr,2018-11-18 18:00:00,11
950,Jerry Roob Jr.,2018-11-09 18:30:00,5
951,Mr. Keeley Abbott,2018-11-19 20:00:00,88
952,Muriel Stroman,2018-11-23 12:30:00,75
953,Abigayle Torphy,2018-11-23 18:00:00,12
954,Gillian Kemmer,2018-11-23 21:30:00,23
955,Saige Bailey,2018-11-25 19:30:00,38
956,Reid Flatley,2018-11-15 16:00:00,45
957,Tressie Ondricka,2018-11-24 14:00:00,6
958,Lewis Mitchell,2018-11-09 15:30:00,28
959,Mr. Annalise Hammes,2018-11-16 18:00:00,80
960,Mrs. Lloyd Considine,2018-11-12 21:30:00,95
961,Maiya Ziemann,2018-11-09 17:00:00,68
962,Makayla Douglas,2018-11-11 14:30:00,62
963,Maci Bayer,2018-11-23 13:00:00,29
964,Selmer Wuckert,2018-11-16 18:30:00,10
965,Dr. Reid Bode,2018-11-14 19:00:00,12
966,Theo Hammes,2018-11-19 12:00:00,87
967,Maynard McCullough,2018-11-12 15:00:00,18
968,Casimer Gleason,2018-11-15 14:00:00,13
969,Krystel West,2018-11-10 15:30:00,20
970,Maximillian Pouros,2018-11-12 17:00:00,87
971,Andy Spencer,2018-11-21 20:00:00,17
972,Kayli Rowe,2018-11-25 19:00:00,37
973,Mr. Jeremy Lindgren,2018-11-24 20:30:00,94
974,Miguel Weimann Jr.,2018-11-25 20:30:00,32
975,Quinten Olson,2018-11-09 20:00:00,4
976,Fabian Morissette,2018-11-13 13:30:00,43
977,Bryon Kreiger,2018-11-22 21:00:00,12
978,Genevieve Vandervort Sr.,2018-11-22 15:00:00,53
979,Dora Hammes III,2018-11-18 20:30:00,3
980,Johann Oberbrunner,2018-11-24 16:00:00,31
981,Harry Breitenberg,2018-11-21 18:30:00,15
982,Princess Hirthe,2018-11-15 16:30:00,49
983,Carmen Gulgowski,2018-11-13 16:00:00,75
984,Emerson Ruecker IV,2018-11-16 18:00:00,82
985,Fidel Satterfield,2018-11-14 19:00:00,41
986,Edd Cruickshank,2018-11-08 14:30:00,24
987,Reanna Brakus,2018-11-10 19:00:00,36
988,Nicolette Funk,2018-11-22 16:00:00,23
989,Noemie Prosacco,2018-11-11 18:30:00,26
990,Myrtle Gleichner,2018-11-24 14:30:00,80
991,Keon Nader,2018-11-23 16:00:00,62
992,Miss Emile Hudson,2018-11-10 21:30:00,18
993,Cyrus Smith,2018-11-11 17:00:00,5
994,Abigayle Murazik,2018-11-14 16:00:00,23
995,Keon VonRueden,2018-11-21 17:30:00,23
996,Ms. Lillie Jenkins,2018-11-10 16:00:00,77
997,Leatha Kris,2018-11-13 16:30:00,51
998,Jett Howe,2018-11-09 20:30:00,16
999,Ricardo Stehr,2018-11-14 15:00:00,36
1000,Gavin Wiza,2018-11-17 14:00:00,90
1001,Constance Emmerich,2018-11-14 18:30:00,79
1002,Rosanna Batz,2018-11-11 12:30:00,25
1003,Enid Bogan I,2018-11-23 14:30:00,99
1004,Reymundo Buckridge,2018-11-09 17:30:00,40
1005,Orlo Fritsch,2018-11-09 12:00:00,26
1006,Lavonne Rosenbaum II,2018-11-12 14:00:00,86
1007,Shad Kunze,2018-11-25 21:00:00,70
1008,Judd Abernathy III,2018-11-12 15:00:00,91
1009,Carlotta Bahringer DDS,2018-11-19 19:00:00,3
1010,Kailey Reichel,2018-11-25 15:30:00,92
1011,Justen Blick,2018-11-25 19:00:00,90
1012,Alexa Barton,2018-11-08 17:30:00,46
1013,Rosie Franecki,2018-11-26 14:00:00,58
1014,Reina Koss V,2018-11-19 13:30:00,94
1015,Eve O'Hara,2018-11-08 12:30:00,34
1016,Cory Schowalter,2018-11-25 12:00:00,44
1017,Liliana Senger,2018-11-24 12:30:00,99
1018,Mr. Felipe Turner,2018-11-20 14:30:00,56
1019,Soledad Brekke III,2018-11-19 17:30:00,69
1020,Russ Reynolds,2018-11-14 20:00:00,32
1021,Jerod Okuneva,2018-11-17 16:00:00,51
1022,Montana Prohaska,2018-11-08 18:00:00,43
1023,Deangelo Friesen,2018-11-14 17:00:00,79
1024,Axel Ebert DDS,2018-11-15 18:30:00,98
1025,Fanny Ryan,2018-11-22 14:30:00,28
1026,Allene Jenkins,2018-11-17 15:00:00,55
1027,Maryse King II,2018-11-22 20:00:00,57
1028,Ms. Ubaldo Jerde,2018-11-25 15:30:00,1
1029,Darrell Murphy,2018-11-25 12:30:00,75
1030,Elza Robel,2018-11-23 19:00:00,28
1031,Reynold Stracke,2018-11-16 14:30:00,50
1032,Destin Hayes,2018-11-14 19:30:00,80
1033,Mallory Trantow,2018-11-23 15:00:00,53
1034,Burley Kris,2018-11-22 18:00:00,71
1035,Camila Fay,2018-11-11 13:30:00,69
1036,Francesca Collier,2018-11-11 14:00:00,46
1037,Elisabeth Dooley,2018-11-11 20:00:00,17
1038,Alberta Yundt,2018-11-23 17:30:00,19
1039,Mrs. Fabian Marquardt,2018-11-15 18:00:00,41
1040,Kamren Hickle,2018-11-17 16:30:00,1
1041,Loma Anderson DDS,2018-11-22 13:30:00,1
1042,Mr. Jermain Rath,2018-11-14 14:00:00,80
1043,Cleta Fay,2018-11-19 19:30:00,18
1044,Kenna Spencer,2018-11-26 17:00:00,24
1045,Dayana Rolfson,2018-11-13 17:00:00,31
1046,Ruthie Quitzon Sr.,2018-11-13 17:00:00,59
1047,Chaz Cassin,2018-11-09 19:30:00,62
1048,Dorothy Dare,2018-11-23 12:30:00,43
1049,Haven Kertzmann,2018-11-24 16:30:00,24
1050,Wava Friesen,2018-11-15 14:00:00,87
1051,Jessyca Blick,2018-11-26 18:00:00,37
1052,Freddie Hills,2018-11-25 14:00:00,63
1053,Mrs. Raoul Rosenbaum,2018-11-26 19:00:00,89
1054,Hayley Lehner IV,2018-11-25 20:00:00,47
1055,Twila Romaguera,2018-11-26 12:30:00,89
1056,Ms. Celia Feest,2018-11-26 13:00:00,65
1057,Cleveland Keeling,2018-11-15 13:00:00,13
1058,Reynold Erdman,2018-11-20 21:00:00,77
1059,Nestor Goldner,2018-11-16 13:00:00,19
1060,Isidro Volkman,2018-11-17 18:30:00,55
1061,Dr. Keyshawn Ruecker,2018-11-18 15:30:00,43
1062,Rubie Yundt,2018-11-10 18:00:00,37
1063,Ariel West,2018-11-22 13:00:00,16
1064,Gregory Brown Sr.,2018-11-25 21:00:00,11
1065,Franz Towne,2018-11-25 20:00:00,23
1066,Candice Dooley,2018-11-21 15:00:00,37
1067,Jedidiah Beahan,2018-11-12 12:00:00,40
1068,Dr. Simone Weber,2018-11-09 20:00:00,41
1069,Darius Fadel,2018-11-26 18:30:00,7
1070,Tyrell Kuvalis MD,2018-11-15 19:30:00,25
1071,Miss Evangeline Block,2018-11-14 20:00:00,26
1072,Armando Funk,2018-11-25 14:00:00,99
1073,Sterling Hartmann,2018-11-21 20:00:00,56
1074,Jennyfer Thompson,2018-11-17 15:00:00,83
1075,Miss Albert Trantow,2018-11-18 17:00:00,63
1076,Otho Quitzon,2018-11-26 15:30:00,51
1077,Kira Kunze,2018-11-19 19:00:00,96
1078,Santino Johnston,2018-11-21 14:30:00,61
1079,Dino Hartmann,2018-11-23 20:30:00,42
1080,Connie Wunsch III,2018-11-09 14:00:00,70
1081,Ms. Mariane Wisozk,2018-11-24 13:30:00,64
1082,Annie Smith,2018-11-25 15:00:00,33
1083,Thad Bauch I,2018-11-23 12:30:00,66
1084,Nicole Moen,2018-11-24 12:00:00,36
1085,Concepcion Quigley,2018-11-25 20:00:00,66
1086,Desmond Wuckert,2018-11-24 12:30:00,9
1087,Wendy Ziemann,2018-11-11 16:30:00,61
1088,Dr. Uriah Roberts,2018-11-24 16:00:00,90
1089,Darryl Flatley,2018-11-20 16:00:00,11
1090,Zoey Effertz,2018-11-23 14:00:00,5
1091,Isabel Gutkowski II,2018-11-13 13:00:00,71
1092,Dr. Alene Medhurst,2018-11-13 14:30:00,96
1093,Jaunita Gerhold,2018-11-25 19:30:00,14
1094,Marguerite Heathcote,2018-11-22 14:30:00,41
1095,Meggie Marks,2018-11-13 12:30:00,73
1096,Roxane Strosin,2018-11-14 19:30:00,27
1097,Emery Lebsack II,2018-11-22 16:00:00,63
1098,Kelsi Reichert,2018-11-18 14:30:00,0
1099,Emely Batz,2018-11-11 19:30:00,48
1100,Cary Johns,2018-11-11 14:30:00,37
1101,Flavie Littel,2018-11-11 19:30:00,19
1102,Dominique Trantow,2018-11-19 18:30:00,24
1103,Cleveland Donnelly,2018-11-16 15:00:00,10
1104,Kristy Metz,2018-11-21 14:30:00,42
1105,Armani Morissette,2018-11-19 12:00:00,44
1106,Emerson Goyette,2018-11-10 21:00:00,41
1107,Dahlia Lindgren,2018-11-15 18:00:00,82
1108,Camren Rippin,2018-11-10 12:30:00,32
1109,Willis Marvin,2018-11-16 16:00:00,6
1110,Noe VonRueden,2018-11-16 19:00:00,61
1111,Miss Ryleigh Beier,2018-11-11 12:30:00,59
1112,Mrs. Ed Paucek,2018-11-12 16:00:00,84
1113,Kiel Hamill,2018-11-08 17:30:00,49
1114,Ulises Sawayn,2018-11-20 20:00:00,98
1115,Carolanne O'Kon,2018-11-09 19:00:00,51
1116,Friedrich Cremin,2018-11-23 20:00:00,58
1117,Melyna McLaughlin,2018-11-21 16:00:00,59
1118,Vivian Jacobson,2018-11-18 18:30:00,56
1119,Creola Legros MD,2018-11-16 17:00:00,48
1120,Jazmin Olson,2018-11-23 14:00:00,7
1121,Melyssa Champlin II,2018-11-10 16:30:00,41
1122,Mrs. Vincenza Little,2018-11-11 20:30:00,10
1123,Alessandro Hayes,2018-11-22 21:30:00,29
1124,Dr. Retha Leuschke,2018-11-13 17:00:00,43
1125,Kelton Fritsch III,2018-11-11 13:30:00,6
1126,Bettie Howe,2018-11-21 12:00:00,71
1127,Giovanny Schroeder,2018-11-20 21:00:00,14
1128,Zachary Welch,2018-11-10 18:00:00,27
1129,Rudolph Murphy,2018-11-17 16:00:00,58
1130,Ozella Jerde,2018-11-14 19:30:00,37
1131,Francisca Graham,2018-11-21 15:00:00,37
1132,Kasandra Schulist,2018-11-15 21:30:00,70
1133,Zoe Kuhlman,2018-11-23 18:30:00,16
1134,Enos Friesen,2018-11-19 14:30:00,26
1135,Alvera Wyman,2018-11-14 12:30:00,54
1136,Silas Bauch,2018-11-16 18:00:00,67
1137,Markus Harris,2018-11-21 12:00:00,32
1138,Aniyah Bahringer,2018-11-25 15:00:00,67
1139,Shaina Howell,2018-11-23 16:30:00,65
1140,Hiram Renner,2018-11-24 12:30:00,40
1141,Chad O'Kon,2018-11-15 13:30:00,66
1142,Estella Blanda,2018-11-14 20:30:00,3
1143,Joanne Fadel Sr.,2018-11-23 21:00:00,64
1144,Eula McGlynn,2018-11-17 21:30:00,3
1145,Wendy Stark IV,2018-11-26 13:00:00,77
1146,Corene Monahan,2018-11-08 20:30:00,96
1147,Keon Grady IV,2018-11-20 13:00:00,75
1148,Cary Hahn,2018-11-13 21:00:00,65
1149,Johann Hintz,2018-11-23 15:30:00,56
1150,Arlie Pollich,2018-11-16 13:00:00,81
1151,Aglae Erdman,2018-11-19 19:30:00,4
1152,Laurie Hermiston MD,2018-11-23 18:30:00,64
1153,Lavada Klein,2018-11-15 21:00:00,50
1154,Felipa Quigley,2018-11-24 16:30:00,80
1155,Mona Nienow,2018-11-09 15:00:00,58
1156,Anabel Zieme,2018-11-22 12:30:00,65
1157,Leone Kuhlman,2018-11-25 19:00:00,65
1158,Dustin Conroy,2018-11-13 21:00:00,90
1159,Jan Brown,2018-11-12 16:00:00,29
1160,Breana Stanton,2018-11-19 18:30:00,7
1161,Katarina Goldner,2018-11-17 14:00:00,39
1162,Tommie Schmidt,2018-11-24 18:00:00,64
1163,Winston Swaniawski,2018-11-18 16:00:00,48
1164,Mr. Jacques Altenwerth,2018-11-12 13:30:00,94
1165,Mollie Robel II,2018-11-18 16:30:00,97
1166,Cristian Brown,2018-11-21 15:30:00,49
1167,Glen Schulist DDS,2018-11-23 19:00:00,84
1168,Lilliana Zulauf,2018-11-11 20:30:00,38
1169,Miss Norval Turner,2018-11-17 18:00:00,86
1170,Verona Lang,2018-11-14 14:30:00,31
1171,Mr. Hadley Schoen,2018-11-19 19:00:00,9
1172,Moriah Reichel,2018-11-24 20:30:00,7
1173,Jordi Beier,2018-11-25 19:00:00,60
1174,Preston Yost,2018-11-21 14:00:00,61
1175,Laverne Koepp,2018-11-20 15:00:00,68
1176,Elvis Hamill,2018-11-24 14:00:00,45
1177,Kenna Gusikowski,2018-11-12 13:30:00,65
1178,Drew Hoppe,2018-11-21 17:00:00,77
1179,Wilfredo Blick,2018-11-17 18:30:00,91
1180,Macie Runolfsdottir,2018-11-25 20:00:00,46
1181,Electa Hermann,2018-11-16 13:30:00,19
1182,Coy Effertz,2018-11-22 15:00:00,70
1183,Otilia Breitenberg,2018-11-19 15:30:00,19
1184,Josephine Morissette,2018-11-14 13:00:00,60
1185,Mrs. Lavina Waelchi,2018-11-20 14:00:00,79
1186,Sheila Fadel PhD,2018-11-08 15:00:00,84
1187,Abraham Schamberger IV,2018-11-19 17:30:00,9
1188,Oscar Crist,2018-11-13 15:00:00,74
1189,Mrs. Arjun Hills,2018-11-12 18:00:00,97
1190,Dr. Trystan Halvorson,2018-11-20 21:00:00,53
1191,Frederic Hayes I,2018-11-12 19:00:00,3
1192,Orville Lang,2018-11-11 19:30:00,3
1193,Lucious Hegmann I,2018-11-21 19:00:00,41
1194,Norbert Glover,2018-11-20 17:00:00,81
1195,Roberto Kozey,2018-11-25 17:30:00,23
1196,Kaylee Bednar IV,2018-11-16 17:30:00,2
1197,Dorian Krajcik,2018-11-20 15:30:00,56
1198,Emilio Murazik I,2018-11-19 17:00:00,54
1199,Berneice Feeney,2018-11-15 16:30:00,11
1200,Clovis Koelpin,2018-11-23 21:30:00,31
1201,Emma Abernathy,2018-11-10 16:00:00,83
1202,Dell Abernathy,2018-11-11 21:30:00,87
1203,Kraig Orn PhD,2018-11-22 20:30:00,15
1204,Maddison Koch,2018-11-13 17:30:00,68
1205,Rowan Koss,2018-11-25 21:30:00,9
1206,Roy Kerluke,2018-11-09 17:00:00,50
1207,Zelma Hilpert I,2018-11-11 12:00:00,26
1208,Meaghan Braun IV,2018-11-14 17:00:00,49
1209,Marvin Crist,2018-11-22 21:30:00,52
1210,Pablo Huels,2018-11-10 19:30:00,15
1211,Gerard Wolff DVM,2018-11-17 19:30:00,50
1212,Clotilde Will,2018-11-10 18:00:00,65
1213,Arlene Bernhard,2018-11-25 13:30:00,16
1214,Barrett Lockman,2018-11-17 12:30:00,8
1215,Terrance Schoen,2018-11-15 21:30:00,15
1216,Darren Dach,2018-11-17 14:00:00,63
1217,Mara Quigley,2018-11-26 18:30:00,96
1218,Evan Ferry V,2018-11-13 19:00:00,58
1219,Chad Labadie,2018-11-20 15:30:00,91
1220,Solon Lockman,2018-11-23 15:30:00,18
1221,Kareem Kiehn,2018-11-17 20:00:00,10
1222,Rosalinda Aufderhar PhD,2018-11-12 19:30:00,13
1223,Dagmar Jones,2018-11-20 21:00:00,99
1224,Immanuel Towne,2018-11-22 21:30:00,13
1225,Gardner Gerhold,2018-11-23 19:00:00,15
1226,Name Howell,2018-11-25 14:30:00,5
1227,Camille Romaguera,2018-11-16 21:30:00,33
1228,Nestor Roob,2018-11-13 13:00:00,29
1229,Webster Bauch,2018-11-16 13:00:00,80
1230,Kaci Macejkovic,2018-11-14 15:30:00,91
1231,Thurman Hayes,2018-11-24 12:00:00,96
1232,Manuel Gleichner Sr.,2018-11-23 20:00:00,22
1233,Mrs. Edd Goldner,2018-11-25 20:30:00,50
1234,Rachelle McLaughlin,2018-11-22 17:30:00,14
1235,Lela Ledner,2018-11-18 21:30:00,20
1236,Albina Huels,2018-11-11 18:00:00,5
1237,Thaddeus Thompson,2018-11-18 13:30:00,47
1238,Lloyd Funk,2018-11-09 12:30:00,96
1239,Nels Bechtelar,2018-11-14 18:30:00,36
1240,Devante O'Conner,2018-11-24 17:30:00,26
1241,Mrs. Jesse Franecki,2018-11-11 15:00:00,25
1242,Jordane Champlin,2018-11-17 16:30:00,36
1243,Krista Dibbert,2018-11-09 20:00:00,58
1244,Ms. Raquel Bauch,2018-11-21 21:30:00,50
1245,Clifton Lemke,2018-11-26 12:00:00,97
1246,Rebeka Ernser III,2018-11-15 21:00:00,7
1247,Kelly VonRueden,2018-11-10 19:00:00,1
1248,Kurt McLaughlin,2018-11-11 12:30:00,97
1249,Lulu Bechtelar,2018-11-22 15:30:00,44
1250,Citlalli Kerluke,2018-11-20 15:00:00,49
1251,Laura Aufderhar,2018-11-14 19:30:00,62
1252,Izaiah Adams,2018-11-14 14:00:00,71
1253,Miss Edyth Kirlin,2018-11-19 19:00:00,54
1254,Laila White,2018-11-15 16:30:00,26
1255,Lera Lemke,2018-11-19 18:00:00,59
1256,Karli Jaskolski,2018-11-25 16:00:00,69
1257,Lionel Rau II,2018-11-10 15:30:00,38
1258,Catalina McDermott,2018-11-23 19:30:00,13
1259,Jayson Stracke,2018-11-09 13:00:00,67
1260,Lewis Kris,2018-11-17 21:00:00,82
1261,Olga Schaden II,2018-11-11 16:30:00,52
1262,Norbert Dach,2018-11-22 13:00:00,71
1263,Dorothea Hilpert,2018-11-20 16:00:00,74
1264,Alison O'Keefe,2018-11-20 16:00:00,50
1265,Miss Judd Cole,2018-11-11 14:30:00,32
1266,Destin Lindgren,2018-11-20 20:00:00,46
1267,Ana Monahan,2018-11-18 21:30:00,54
1268,Reinhold Roob Jr.,2018-11-20 20:30:00,10
1269,Dean Heathcote,2018-11-22 19:30:00,9
1270,Mohammed Mraz,2018-11-20 21:00:00,78
1271,Lorenz Daniel,2018-11-09 14:30:00,85
1272,Miss Seamus Carroll,2018-11-19 19:00:00,19
1273,Ms. Cooper Stehr,2018-11-16 14:00:00,43
1274,Sadie Huels,2018-11-26 19:30:00,30
1275,Julianne Rodriguez,2018-11-24 13:30:00,72
1276,Josh Turner,2018-11-24 16:30:00,58
1277,Gracie Zboncak,2018-11-10 21:30:00,44
1278,Rachelle Kozey IV,2018-11-18 12:30:00,84
1279,Brandon Witting,2018-11-19 15:00:00,63
1280,Ahmad Ullrich DVM,2018-11-24 19:00:00,15
1281,Ms. Darius Emmerich,2018-11-14 18:30:00,44
1282,Davin Daugherty,2018-11-13 18:30:00,85
1283,Jake Wilkinson,2018-11-09 14:00:00,19
1284,Mekhi Muller III,2018-11-08 13:00:00,77
1285,Ralph Mayer,2018-11-11 18:00:00,98
1286,Clemmie Botsford IV,2018-11-19 14:00:00,65
1287,Drew Miller,2018-11-09 13:00:00,51
1288,Lionel Lemke II,2018-11-16 18:30:00,62
1289,Abelardo Brakus,2018-11-22 14:30:00,59
1290,Ivy Ebert,2018-11-23 17:00:00,22
1291,Candice McKenzie,2018-11-23 19:00:00,56
1292,Hillary Rogahn,2018-11-10 16:30:00,82
1293,Luella Connelly,2018-11-25 14:30:00,64
1294,Dr. Everett Labadie,2018-11-12 13:00:00,18
1295,Meagan Wiza,2018-11-14 14:00:00,76
1296,Rocky Heaney II,2018-11-14 16:30:00,0
1297,Camryn Dibbert,2018-11-24 19:00:00,28
1298,Carson Wiegand,2018-11-25 14:00:00,64
1299,Wilmer Anderson,2018-11-15 19:00:00,23
1300,Mrs. Raquel Moen,2018-11-09 12:30:00,99
1301,Marilou Smith,2018-11-10 16:00:00,8
1302,Aryanna Ankunding,2018-11-20 17:30:00,12
1303,Jed Runolfsdottir,2018-11-22 21:00:00,4
1304,Katherine Harris DDS,2018-11-23 12:30:00,58
1305,Abigale Emmerich,2018-11-17 15:30:00,72
1306,Jalen Connelly,2018-11-19 12:00:00,79
1307,Johnnie Lesch,2018-11-24 13:30:00,31
1308,Nicola Hyatt,2018-11-20 20:00:00,68
1309,Lillie Nader DDS,2018-11-16 19:00:00,21
1310,Anais Schamberger,2018-11-16 15:00:00,12
1311,Leslie Kihn,2018-11-19 19:30:00,55
1312,Mrs. Dario Pouros,2018-11-17 15:00:00,17
1313,Lilyan Daugherty,2018-11-13 13:30:00,14
1314,Marvin Hackett Sr.,2018-11-11 18:30:00,27
1315,Miguel Volkman,2018-11-10 17:00:00,94
1316,Marjorie Konopelski,2018-11-10 13:00:00,15
1317,Yadira Wiza,2018-11-13 14:30:00,10
1318,Dr. Destiney Block,2018-11-26 16:30:00,97
1319,Miss Sammie Conroy,2018-11-13 15:30:00,43
1320,Keaton Blick,2018-11-12 21:00:00,88
1321,Kelsi Medhurst V,2018-11-09 13:00:00,57
1322,Ethyl Stroman,2018-11-16 16:30:00,47
1323,Dell Reichert IV,2018-11-20 17:00:00,94
1324,Eloy Streich,2018-11-20 12:30:00,47
1325,Marlene Krajcik,2018-11-20 21:30:00,86
1326,Elijah Torp,2018-11-14 12:00:00,4
1327,Mrs. Darryl Rodriguez,2018-11-14 15:30:00,24
1328,Elinor Konopelski,2018-11-10 21:00:00,70
1329,Shaina Mertz,2018-11-14 13:30:00,11
1330,Miss Audrey Sipes,2018-11-21 19:00:00,0
1331,Clare Bashirian,2018-11-18 14:00:00,56
1332,Floy Goldner,2018-11-13 15:30:00,98
1333,Alysha Collins,2018-11-26 18:00:00,18
1334,Jordi Raynor,2018-11-23 18:00:00,6
1335,Maritza Fritsch,2018-11-20 16:00:00,2
1336,Phoebe Dicki,2018-11-25 12:00:00,85
1337,Gisselle O'Reilly II,2018-11-18 16:00:00,84
1338,Joanie Hessel,2018-11-25 12:30:00,98
1339,Mr. Angel Towne,2018-11-11 15:30:00,32
1340,Trace Rau,2018-11-19 16:00:00,65
1341,Haskell Schulist,2018-11-25 13:00:00,72
1342,Dr. Haylee Schmidt,2018-11-12 16:00:00,22
1343,Eloise Nienow DVM,2018-11-14 14:00:00,9
1344,Jana Crooks,2018-11-11 16:00:00,63
1345,Bettye Hyatt,2018-11-26 19:00:00,58
1346,Lia Will,2018-11-23 17:30:00,5
1347,Janae Ratke,2018-11-14 18:00:00,84
1348,Garnett Klein,2018-11-11 16:00:00,33
1349,Selina Langosh,2018-11-18 13:30:00,38
1350,Miss Sim Willms,2018-11-24 12:30:00,43
1351,Wilma Dickinson,2018-11-09 12:30:00,88
1352,Freeman Hermiston,2018-11-10 14:00:00,8
1353,Augustus Moore,2018-11-10 18:30:00,46
1354,Chyna Cruickshank,2018-11-21 17:30:00,61
1355,Devante Hansen,2018-11-18 21:00:00,7
1356,Alaina Ondricka,2018-11-11 13:30:00,70
1357,Mrs. Curt Swaniawski,2018-11-13 19:00:00,46
1358,Robbie Ernser,2018-11-18 21:30:00,15
1359,Onie Cassin,2018-11-10 18:00:00,51
1360,Douglas Lind,2018-11-18 16:30:00,29
1361,Helene Upton Jr.,2018-11-22 20:30:00,35
1362,Rolando Hessel,2018-11-25 18:00:00,92
1363,Aurore Klocko,2018-11-25 12:00:00,11
1364,Miss Olen Jaskolski,2018-11-13 14:00:00,9
1365,Josefina Kutch,2018-11-17 14:30:00,78
1366,Candice Schroeder Sr.,2018-11-19 15:30:00,51
1367,Roderick Anderson,2018-11-19 16:30:00,61
1368,Isabell Tremblay IV,2018-11-23 18:30:00,64
1369,Lia Gulgowski,2018-11-13 15:30:00,93
1370,Clementina Barton,2018-11-19 12:00:00,97
1371,Cale Harris DVM,2018-11-17 13:00:00,83
1372,Miss Sophia Altenwerth,2018-11-13 15:30:00,76
1373,Gerard Schuppe,2018-11-20 19:00:00,13
1374,Rosemary Mills,2018-11-10 20:30:00,74
1375,Oswaldo Bahringer III,2018-11-14 12:00:00,43
1376,Ned Heidenreich,2018-11-11 19:30:00,44
1377,Elyssa Kessler,2018-11-24 19:00:00,54
1378,Trudie Pagac,2018-11-23 17:30:00,77
1379,Frederique Wisozk,2018-11-10 18:30:00,32
1380,Mozelle Volkman,2018-11-12 19:30:00,8
1381,Madonna Labadie,2018-11-21 13:30:00,41
1382,Xavier Raynor,2018-11-18 15:30:00,54
1383,Ellsworth Ledner Sr.,2018-11-09 15:00:00,53
1384,Marjolaine Huels,2018-11-21 18:30:00,80
1385,Cordelia Grimes,2018-11-18 21:00:00,16
1386,Milan Wyman,2018-11-15 16:30:00,62
1387,Dedrick Raynor,2018-11-22 13:30:00,72
1388,Regan Kihn,2018-11-11 12:30:00,52
1389,Ardith Buckridge,2018-11-26 21:30:00,44
1390,Sydney Kris,2018-11-20 13:00:00,9
1391,Winifred Heller II,2018-11-10 19:30:00,55
1392,Dereck Walsh,2018-11-13 12:00:00,28
1393,Aurelie Funk,2018-11-12 17:00:00,98
1394,Trace O'Keefe V,2018-11-09 18:00:00,54
1395,Furman McDermott,2018-11-15 15:00:00,8
1396,Greta Fritsch,2018-11-25 18:00:00,28
1397,Vickie Hermann,2018-11-09 12:00:00,84
1398,Wilford Dietrich,2018-11-10 19:30:00,3
1399,Rosendo Zemlak,2018-11-09 14:30:00,75
1400,Ernie Koelpin II,2018-11-16 14:30:00,32
1401,Mr. Kelli Bernhard,2018-11-17 13:30:00,98
1402,Erna Gutmann,2018-11-23 13:30:00,5
1403,Dr. Lenna Deckow,2018-11-18 15:00:00,22
1404,Bettie Wilderman,2018-11-13 15:30:00,30
1405,Sarina Heaney,2018-11-20 21:30:00,88
1406,Maymie Robel,2018-11-18 17:00:00,7
1407,Lessie Brown,2018-11-16 12:30:00,44
1408,Elmore Kunze,2018-11-26 14:00:00,29
1409,Nichole Stanton,2018-11-18 18:00:00,83
1410,Enrico Feeney,2018-11-16 16:00:00,97
1411,Ms. Augustus Sanford,2018-11-12 18:30:00,88
1412,Ms. Luther Kassulke,2018-11-25 19:00:00,22
1413,Enid Leannon,2018-11-22 16:00:00,19
1414,Devante Witting,2018-11-09 12:30:00,82
1415,Elena Herzog PhD,2018-11-10 21:30:00,27
1416,Mr. Kadin Runolfsdottir,2018-11-14 20:00:00,29
1417,Ariane Abshire,2018-11-18 15:00:00,50
1418,Mr. Sadie Robel,2018-11-12 15:00:00,12
1419,Lamar Smitham,2018-11-18 13:30:00,91
1420,Hillard Conn,2018-11-20 14:00:00,19
1421,Mylene Jenkins,2018-11-18 19:00:00,74
1422,Deron Bogisich,2018-11-25 13:30:00,31
1423,Laron Willms II,2018-11-15 20:00:00,30
1424,Bryon Miller,2018-11-19 20:30:00,65
1425,Ottilie Pagac,2018-11-22 13:30:00,98
1426,Mr. Leanna Walter,2018-11-19 13:30:00,95
1427,Erling Heller,2018-11-16 14:00:00,34
1428,John Upton,2018-11-16 20:00:00,76
1429,Ubaldo Hane,2018-11-22 12:30:00,59
1430,Rossie Kemmer,2018-11-26 12:30:00,93
1431,Graham Schuster,2018-11-24 21:00:00,34
1432,Mozelle Gaylord,2018-11-13 13:30:00,79
1433,Delbert Aufderhar,2018-11-10 16:30:00,20
1434,Ambrose Boyer,2018-11-17 16:30:00,16
1435,Joe Stamm,2018-11-08 15:30:00,18
1436,Aidan Shanahan,2018-11-17 19:30:00,50
1437,Gerda Mann,2018-11-12 20:30:00,35
1438,Jacquelyn Bauch,2018-11-18 20:00:00,72
1439,Johnson Beer,2018-11-26 17:00:00,42
1440,Lenore Paucek,2018-11-10 21:00:00,3
1441,Katherine Mueller,2018-11-09 19:00:00,88
1442,Preston Block,2018-11-14 18:30:00,61
1443,Loyal Schuppe Jr.,2018-11-12 14:00:00,27
1444,Vernie Bayer,2018-11-25 16:30:00,2
1445,Diana Koepp,2018-11-19 13:00:00,2
1446,Raul Emard,2018-11-26 15:00:00,47
1447,Erika Heathcote,2018-11-17 20:30:00,56
1448,Karine Ward,2018-11-21 17:30:00,61
1449,Dimitri Schultz,2018-11-25 12:30:00,65
1450,Bertrand O'Conner,2018-11-23 19:30:00,19
1451,Marilou Kuhlman,2018-11-13 14:30:00,21
1452,Theo Hansen,2018-11-14 15:00:00,98
1453,Baylee Balistreri DVM,2018-11-24 16:30:00,8
1454,Sandy Abshire,2018-11-24 20:30:00,40
1455,Libbie Gusikowski,2018-11-12 21:00:00,52
1456,Cullen Pacocha DVM,2018-11-10 14:30:00,51
1457,Esteban Kub,2018-11-13 18:00:00,15
1458,Caesar Schowalter,2018-11-18 16:00:00,20
1459,Mustafa Schaefer,2018-11-23 16:00:00,13
1460,Cameron Hickle,2018-11-16 21:30:00,24
1461,Burnice Purdy,2018-11-16 18:00:00,35
1462,Blanca Gulgowski,2018-11-12 19:30:00,38
1463,Dr. Parker Grady,2018-11-08 14:30:00,77
1464,Giles Hermann,2018-11-15 20:30:00,83
1465,Emmett Padberg,2018-11-19 16:30:00,54
1466,Eric Leffler IV,2018-11-16 18:00:00,11
1467,Jennifer Zemlak,2018-11-21 13:30:00,55
1468,Casimir Dicki I,2018-11-16 18:30:00,47
1469,Judy Lehner,2018-11-15 18:30:00,54
1470,Eddie Hirthe,2018-11-17 17:30:00,65
1471,Jeff Schamberger,2018-11-22 12:00:00,79
1472,Chris Wintheiser,2018-11-14 16:30:00,58
1473,Keyshawn Green,2018-11-08 16:30:00,18
1474,Mrs. Alysa Lynch,2018-11-24 21:30:00,11
1475,Buddy Russel,2018-11-11 17:00:00,21
1476,Morton McDermott,2018-11-13 16:30:00,68
1477,Brannon Waelchi,2018-11-16 12:30:00,29
1478,Prudence Stracke,2018-11-09 13:00:00,76
1479,Mr. Gretchen Altenwerth,2018-11-25 18:30:00,75
1480,Robert Hegmann,2018-11-25 12:00:00,3
1481,Samantha Mills,2018-11-10 15:30:00,80
1482,Garnett Hintz V,2018-11-16 18:30:00,58
1483,Darron Schmeler DVM,2018-11-18 16:00:00,15
1484,Arjun Keeling,2018-11-20 18:00:00,70
1485,Annabelle Lockman,2018-11-20 17:00:00,54
1486,Bernardo Dach,2018-11-14 13:30:00,24
1487,Erin Bauch,2018-11-14 18:30:00,18
1488,Jennings Keeling,2018-11-24 17:30:00,33
1489,Mr. Kali Lockman,2018-11-20 17:00:00,28
1490,Reymundo Osinski,2018-11-12 16:30:00,0
1491,Talon Hilll Sr.,2018-11-24 19:30:00,87
1492,Cristobal Wolff,2018-11-09 17:00:00,68
1493,Dayna Kovacek,2018-11-17 13:00:00,43
1494,Hobart Prohaska,2018-11-21 21:00:00,53
1495,Tommie Swift,2018-11-14 21:30:00,39
1496,Monique Shanahan MD,2018-11-21 16:00:00,91
1497,Mrs. Stefan Wyman,2018-11-12 18:00:00,77
1498,Lela White,2018-11-25 18:00:00,2
1499,Ransom Hamill DDS,2018-11-21 19:00:00,69
1500,Matteo Marks,2018-11-20 18:00:00,0
1501,Britney Thompson,2018-11-18 16:00:00,26
1502,Lacy O'Hara,2018-11-11 18:30:00,6
1503,Foster Schoen,2018-11-20 15:00:00,28
1504,Cayla Collins,2018-11-13 14:30:00,22
1505,Fritz Smith,2018-11-20 20:30:00,35
1506,Alvis Hessel,2018-11-12 21:30:00,37
1507,Tavares Volkman,2018-11-09 13:30:00,42
1508,Rosemary Ankunding,2018-11-12 15:30:00,61
1509,Rachelle Bogan,2018-11-23 15:00:00,85
1510,Elda Reynolds,2018-11-22 21:00:00,50
1511,Nasir Hahn V,2018-11-19 17:00:00,77
1512,Heather Schulist,2018-11-24 15:30:00,53
1513,Montana Dickens,2018-11-22 20:00:00,56
1514,Julie Kerluke,2018-11-11 17:30:00,55
1515,Buddy Herzog,2018-11-26 12:00:00,31
1516,Taurean Cronin,2018-11-19 21:30:00,19
1517,Roosevelt Farrell,2018-11-17 18:30:00,1
1518,Allison Hoppe III,2018-11-21 13:00:00,73
1519,Mr. Millie Kuhic,2018-11-13 13:30:00,83
1520,Brady Ankunding,2018-11-09 21:00:00,75
1521,Ms. Libby Russel,2018-11-26 21:30:00,60
1522,Edgardo Durgan,2018-11-13 17:00:00,8
1523,Aurore Goyette Jr.,2018-11-25 20:30:00,35
1524,Johnnie Kling,2018-11-10 16:00:00,31
1525,Columbus Senger,2018-11-23 18:30:00,49
1526,Ms. Kiara Deckow,2018-11-23 18:00:00,95
1527,Bridie Heller V,2018-11-18 12:00:00,90
1528,Lacy Collier IV,2018-11-16 20:00:00,68
1529,Rosendo Grimes,2018-11-17 15:30:00,31
1530,Mrs. Annette Leuschke,2018-11-21 15:30:00,34
1531,Alessandro Adams,2018-11-19 14:00:00,50
1532,Ivy Smith,2018-11-20 18:00:00,93
1533,Enoch Halvorson,2018-11-22 18:00:00,27
1534,Miss Broderick Beatty,2018-11-10 19:00:00,18
1535,Velda Grant,2018-11-26 20:00:00,65
1536,Ms. Gideon Runolfsson,2018-11-25 18:00:00,25
1537,Kaelyn Larson,2018-11-20 16:30:00,0
1538,Mrs. Trevor Beahan,2018-11-10 20:30:00,49
1539,Mrs. Shaniya Schowalter,2018-11-21 12:00:00,45
1540,Angelo Bednar,2018-11-25 20:00:00,39
1541,Mia Carter,2018-11-21 12:00:00,93
1542,Kristofer Runte,2018-11-15 19:00:00,68
1543,Dr. Gladyce Littel,2018-11-22 12:00:00,62
1544,Talia Stracke I,2018-11-21 20:00:00,75
1545,Josue Effertz,2018-11-14 18:30:00,59
1546,Blake Kessler,2018-11-16 20:30:00,99
1547,Emma Windler,2018-11-13 12:30:00,29
1548,Ronaldo Wilderman,2018-11-22 16:00:00,7
1549,Zion Kirlin,2018-11-13 16:00:00,27
1550,Mr. Llewellyn Heidenreich,2018-11-20 17:00:00,86
1551,Therese Boyer,2018-11-20 20:30:00,60
1552,Mr. Justus Bernier,2018-11-26 18:00:00,55
1553,Andreanne Wisoky,2018-11-20 13:30:00,27
1554,Cedrick Heaney,2018-11-13 19:30:00,44
1555,Brandy Keeling,2018-11-13 15:00:00,39
1556,Elmer Buckridge,2018-11-14 13:00:00,11
1557,Julio Collier,2018-11-23 13:00:00,48
1558,Miss Letitia Kessler,2018-11-13 13:30:00,14
1559,Curtis Treutel,2018-11-20 18:00:00,53
1560,Vance Bednar,2018-11-26 19:00:00,2
1561,Natalia Swaniawski MD,2018-11-22 12:00:00,15
1562,Jimmy Cormier,2018-11-09 17:30:00,52
1563,Ciara Bode,2018-11-26 16:30:00,66
1564,Jackeline Prosacco,2018-11-12 14:30:00,11
1565,Piper Gleichner,2018-11-15 14:00:00,72
1566,Leila Durgan,2018-11-16 16:30:00,60
1567,Granville Hudson,2018-11-23 12:00:00,23
1568,Rogers Hills,2018-11-22 17:30:00,29
1569,Leanne Dare,2018-11-12 15:00:00,68
1570,Gregg Mills,2018-11-20 18:00:00,48
1571,Valentine Barton PhD,2018-11-14 15:30:00,58
1572,Cleve Haag,2018-11-16 17:30:00,96
1573,Troy Altenwerth,2018-11-15 13:00:00,99
1574,Daphney Emmerich,2018-11-13 16:30:00,87
1575,Presley Abshire,2018-11-18 18:00:00,14
1576,Hal Ryan,2018-11-25 13:00:00,20
1577,Nelson Gerlach,2018-11-26 21:30:00,51
1578,Joshua Skiles,2018-11-11 14:00:00,85
1579,Queenie Bednar,2018-11-23 15:00:00,69
1580,Mrs. Anastasia Lubowitz,2018-11-18 21:00:00,36
1581,Antonietta Dickens,2018-11-17 20:00:00,26
1582,Marshall Padberg IV,2018-11-11 12:30:00,44
1583,Tanya Breitenberg DVM,2018-11-25 15:00:00,98
1584,Willard Legros,2018-11-13 15:00:00,90
1585,Coty Herzog,2018-11-17 21:30:00,23
1586,Ramiro Heaney,2018-11-21 20:30:00,93
1587,Karina Oberbrunner,2018-11-24 12:30:00,58
1588,Kamryn Bins,2018-11-16 21:00:00,92
1589,Chasity Wehner,2018-11-17 14:00:00,65
1590,Joan Reinger,2018-11-13 12:00:00,74
1591,Miller Ernser,2018-11-26 14:30:00,5
1592,Hoyt Hane,2018-11-14 16:30:00,88
1593,Douglas Bosco,2018-11-20 16:30:00,34
1594,Phyllis Dooley MD,2018-11-12 16:30:00,55
1595,Shaniya Lowe,2018-11-25 20:30:00,91
1596,Saul Gleason,2018-11-08 16:30:00,9
1597,Hester Bins,2018-11-18 21:00:00,86
1598,Dagmar Reilly,2018-11-20 14:30:00,38
1599,Daija Paucek,2018-11-09 18:30:00,80
1600,Vidal Lang,2018-11-08 16:00:00,0
1601,Reid Trantow III,2018-11-12 13:00:00,63
1602,Megane Osinski Sr.,2018-11-20 19:00:00,24
1603,Ken Pacocha,2018-11-24 20:00:00,32
1604,Clement Simonis MD,2018-11-09 13:30:00,53
1605,Nestor Eichmann,2018-11-14 13:30:00,63
1606,Dulce Doyle,2018-11-09 16:30:00,6
1607,Veronica Hills,2018-11-17 12:30:00,76
1608,Joel Mraz,2018-11-18 21:30:00,28
1609,Delphine McDermott,2018-11-16 12:30:00,1
1610,Sydnie Jacobs,2018-11-17 16:00:00,39
1611,Vladimir Schinner,2018-11-21 12:00:00,50
1612,Brannon Wehner,2018-11-13 14:30:00,26
1613,Laurel Reilly,2018-11-09 13:00:00,93
1614,Hardy Mueller,2018-11-21 21:00:00,44
1615,Destini O'Conner,2018-11-09 12:00:00,74
1616,Eliane Koch,2018-11-19 12:00:00,96
1617,Mrs. Madisyn Graham,2018-11-09 17:30:00,85
1618,Kenny Walker DDS,2018-11-19 18:30:00,5
1619,Loyal Wuckert,2018-11-09 12:30:00,63
1620,Aliza Wiza,2018-11-21 14:30:00,82
1621,Paige McClure,2018-11-09 21:30:00,28
1622,Mrs. Bianka Ferry,2018-11-14 20:00:00,87
1623,Mathias Huel,2018-11-09 16:00:00,76
1624,Henderson Kshlerin,2018-11-12 15:30:00,64
1625,Lilly Friesen,2018-11-14 17:30:00,63
1626,Eda Baumbach,2018-11-17 20:00:00,47
1627,Rosalia Jast,2018-11-19 12:00:00,20
1628,Jace Wiza,2018-11-24 19:00:00,27
1629,Perry Wolff,2018-11-11 16:30:00,0
1630,Vincenzo Zulauf,2018-11-12 20:30:00,39
1631,Ayla Kub,2018-11-22 18:30:00,39
1632,Maxie Daugherty II,2018-11-11 12:30:00,37
1633,Kelton Tromp,2018-11-15 14:30:00,2
1634,Laney Graham,2018-11-19 21:30:00,14
1635,Glenna Kemmer,2018-11-17 14:30:00,16
1636,Valentin Glover,2018-11-22 16:00:00,20
1637,Germaine Schaden,2018-11-24 21:30:00,92
1638,Phyllis Kulas,2018-11-13 15:00:00,67
1639,Treva Bogisich,2018-11-10 13:00:00,61
1640,Maude Erdman,2018-11-09 19:00:00,56
1641,Kristopher Yundt,2018-11-16 18:30:00,72
1642,Lowell Borer,2018-11-25 13:30:00,81
1643,Mr. Godfrey Gutmann,2018-11-11 16:30:00,41
1644,Mrs. Angel Mayert,2018-11-22 16:30:00,32
1645,Malvina Block,2018-11-24 20:30:00,15
1646,Gwendolyn Turner,2018-11-17 19:30:00,33
1647,Dayana Adams,2018-11-21 12:30:00,75
1648,Mrs. Jewel Mueller,2018-11-25 12:30:00,11
1649,Mariano Durgan DDS,2018-11-19 18:00:00,19
1650,Myra Mohr,2018-11-10 12:30:00,86
1651,Reggie Ebert,2018-11-21 15:30:00,29
1652,Abraham Schneider,2018-11-20 14:00:00,53
1653,Eloy Abshire,2018-11-15 12:00:00,96
1654,Pink Hintz Sr.,2018-11-23 20:30:00,40
1655,Cristian Jones,2018-11-18 18:30:00,64
1656,Morris Ruecker MD,2018-11-23 16:00:00,35
1657,Paul Langosh,2018-11-25 19:00:00,73
1658,Mr. Jevon Mann,2018-11-14 13:00:00,60
1659,Julianne Harris,2018-11-11 16:30:00,44
1660,Georgette Hayes,2018-11-25 21:30:00,90
1661,Rosa Ledner,2018-11-18 15:30:00,17
1662,Miracle Robel II,2018-11-09 19:00:00,49
1663,Madonna Abbott,2018-11-26 21:00:00,61
1664,Roosevelt Gerlach,2018-11-13 17:00:00,33
1665,Kristina Hermiston,2018-11-22 19:30:00,39
1666,Marisa Waters,2018-11-15 20:30:00,61
1667,Cary Gibson,2018-11-09 12:30:00,99
1668,Dina Treutel,2018-11-25 18:00:00,28
1669,Isaias Rippin,2018-11-24 18:30:00,52
1670,Miss Samantha Rodriguez,2018-11-09 19:00:00,64
1671,Bernadette Runolfsson,2018-11-15 20:00:00,15
1672,Cathryn Walker,2018-11-13 17:30:00,74
1673,King Hagenes II,2018-11-24 20:00:00,65
1674,Mina Gerhold,2018-11-11 20:30:00,91
1675,Holden Corwin,2018-11-15 19:30:00,1
1676,Floyd West,2018-11-11 18:30:00,89
1677,Miss Easton Haag,2018-11-23 13:30:00,34
1678,Bennie Monahan,2018-11-09 21:30:00,96
1679,Lisandro Howell,2018-11-24 17:00:00,82
1680,Greta Rodriguez,2018-11-26 13:30:00,63
1681,Adell Lynch,2018-11-23 12:00:00,68
1682,Tressie Schoen,2018-11-10 21:30:00,24
1683,Ms. Birdie Schowalter,2018-11-11 16:30:00,60
1684,Mr. Eileen Adams,2018-11-12 16:30:00,18
1685,Aracely Goodwin,2018-11-15 17:30:00,15
1686,Israel West,2018-11-13 17:30:00,48
1687,Mr. Derek Greenholt,2018-11-17 14:30:00,63
1688,Marcelina Turcotte,2018-11-09 21:00:00,81
1689,Marcos Sipes,2018-11-23 18:00:00,65
1690,Casey Beier,2018-11-17 19:00:00,44
1691,Ferne Roob,2018-11-09 19:00:00,58
1692,Marco Daniel V,2018-11-25 17:00:00,79
1693,Alden Spinka PhD,2018-11-26 21:00:00,45
1694,Kathryne Padberg,2018-11-22 17:30:00,38
1695,Myriam Paucek,2018-11-15 14:30:00,77
1696,Howell Jakubowski,2018-11-25 13:00:00,21
1697,Devonte MacGyver,2018-11-10 19:00:00,85
1698,Joana Kirlin PhD,2018-11-21 17:00:00,26
1699,Carmela Daniel,2018-11-15 15:30:00,88
1700,Maribel Rath MD,2018-11-25 14:00:00,89
1701,Sasha Marks,2018-11-26 12:00:00,57
1702,Leonardo Sauer,2018-11-26 13:00:00,85
1703,Carleton Koepp,2018-11-12 18:00:00,56
1704,Rex Kling,2018-11-15 17:30:00,19
1705,Miss Francesco Eichmann,2018-11-11 19:30:00,34
1706,Ms. Reynold Adams,2018-11-20 15:30:00,12
1707,Dr. Ashly Cummings,2018-11-26 14:30:00,51
1708,Aliyah Bergstrom,2018-11-22 20:00:00,47
1709,Ms. Jammie Watsica,2018-11-16 19:30:00,81
1710,Yoshiko Hahn,2018-11-14 18:30:00,12
1711,Esperanza Bartell,2018-11-09 16:00:00,96
1712,Kamron Konopelski,2018-11-10 12:30:00,27
1713,Cory Adams,2018-11-23 14:30:00,17
1714,Teresa Hoeger,2018-11-13 19:00:00,70
1715,Donald Jacobs,2018-11-26 15:00:00,70
1716,Douglas Lynch,2018-11-24 20:00:00,28
1717,Miss Aurore Berge,2018-11-21 18:30:00,2
1718,Maribel Hermiston DDS,2018-11-21 16:30:00,30
1719,Mr. Brendon Sporer,2018-11-11 14:30:00,57
1720,Vladimir Leuschke,2018-11-26 18:30:00,28
1721,Paxton Emmerich,2018-11-17 14:30:00,99
1722,Ms. Winona Runolfsdottir,2018-11-25 16:00:00,60
1723,Bettye Weber,2018-11-12 14:30:00,62
1724,Urban Bahringer,2018-11-21 19:00:00,10
1725,Camilla Jerde,2018-11-19 20:30:00,54
1726,Leda Schaden,2018-11-08 16:30:00,20
1727,Ms. Dewayne Watsica,2018-11-24 16:30:00,38
1728,Mr. Earlene Kunze,2018-11-09 20:00:00,38
1729,Therese Beahan,2018-11-24 15:00:00,15
1730,Kristian Ritchie,2018-11-13 16:00:00,60
1731,Nona Rau,2018-11-23 13:30:00,26
1732,Nakia Koch,2018-11-18 18:30:00,53
1733,Kristian Ferry,2018-11-20 19:30:00,37
1734,Else Koch,2018-11-19 15:00:00,23
1735,Tyler Rippin,2018-11-21 14:00:00,67
1736,Tad Christiansen,2018-11-10 20:00:00,10
1737,Vella VonRueden,2018-11-17 15:30:00,16
1738,Simone Upton,2018-11-15 15:30:00,45
1739,Anita Satterfield DVM,2018-11-26 18:00:00,92
1740,Isai Schumm,2018-11-20 18:00:00,35
1741,Benton Haley,2018-11-15 20:00:00,96
1742,Augusta Lesch,2018-11-26 18:30:00,24
1743,Vivien Vandervort,2018-11-11 14:00:00,95
1744,Shawn Wolff,2018-11-21 19:30:00,24
1745,Ms. Kenneth Mosciski,2018-11-16 16:30:00,98
1746,Ms. Walter Dooley,2018-11-22 15:00:00,22
1747,Emmanuelle Schneider,2018-11-20 12:00:00,74
1748,Taya Kuphal PhD,2018-11-17 19:30:00,67
1749,Johann Luettgen,2018-11-22 17:30:00,49
1750,Dr. Dulce Bogan,2018-11-14 19:00:00,91
1751,Jonathan Braun,2018-11-23 14:00:00,94
1752,Mr. Deven Bernhard,2018-11-10 20:30:00,76
1753,Eliane Morissette,2018-11-26 13:00:00,91
1754,Hassie Wolf,2018-11-11 20:00:00,37
1755,Angus Heaney,2018-11-19 14:00:00,9
1756,Jane Corkery,2018-11-17 18:30:00,24
1757,Broderick Swift,2018-11-20 16:00:00,22
1758,Maci Nienow,2018-11-16 15:00:00,74
1759,Earline Skiles,2018-11-23 18:30:00,90
1760,Pattie Gerhold,2018-11-09 19:00:00,5
1761,Dina Miller,2018-11-17 12:30:00,0
1762,Corine Simonis,2018-11-20 14:00:00,2
1763,Tressa Witting II,2018-11-18 13:00:00,73
1764,Leola Lindgren,2018-11-21 20:30:00,81
1765,Travon Predovic,2018-11-21 13:00:00,24
1766,Ms. Shayna Kutch,2018-11-19 12:30:00,36
1767,Rosalinda Cole,2018-11-18 16:30:00,68
1768,Friedrich Hane,2018-11-11 12:00:00,58
1769,Pedro Runolfsson,2018-11-23 13:00:00,38
1770,Jordon Roob,2018-11-20 21:00:00,32
1771,Adrian Bashirian,2018-11-14 20:00:00,34
1772,Candida Kirlin,2018-11-23 17:30:00,52
1773,Adele Harvey,2018-11-23 16:30:00,80
1774,Jannie Fahey,2018-11-13 14:30:00,79
1775,Danyka Stroman,2018-11-19 17:00:00,54
1776,Weston Littel,2018-11-14 13:30:00,57
1777,Shanelle Hyatt,2018-11-15 17:00:00,35
1778,Clotilde Gerhold,2018-11-15 18:30:00,36
1779,Eda Ernser,2018-11-17 21:30:00,40
1780,Dale Wyman,2018-11-18 18:30:00,9
1781,Oma Schoen,2018-11-10 18:00:00,41
1782,Dr. Claude Kunze,2018-11-09 16:00:00,31
1783,Lane Kris,2018-11-13 13:30:00,21
1784,Gudrun Cummings,2018-11-22 20:00:00,72
1785,Dr. Crystal Crona,2018-11-16 20:30:00,8
1786,Myron Orn,2018-11-10 12:30:00,20
1787,Dr. Kailyn Beahan,2018-11-22 17:00:00,38
1788,Leonora Nolan,2018-11-16 21:00:00,46
1789,Rudolph Littel,2018-11-08 16:00:00,58
1790,Niko Greenfelder,2018-11-24 18:30:00,17
1791,Louvenia Nitzsche,2018-11-24 13:30:00,46
1792,Antone Nader,2018-11-20 15:30:00,58
1793,Bridgette White,2018-11-14 17:00:00,23
1794,Toy Windler,2018-11-15 20:00:00,69
1795,Wendell Hamill,2018-11-13 18:30:00,18
1796,Hunter Bayer,2018-11-10 19:30:00,36
1797,Miss Dillon Bins,2018-11-14 16:30:00,48
1798,Urban Lang,2018-11-26 14:00:00,57
1799,Mrs. Merlin Brekke,2018-11-18 20:30:00,13
1800,Martin Becker,2018-11-12 14:30:00,64
1801,Leda Pagac,2018-11-11 15:30:00,14
1802,Lucio Wiza,2018-11-23 19:30:00,2
1803,Thelma Cronin Jr.,2018-11-14 20:00:00,37
1804,Judy Littel,2018-11-13 20:30:00,69
1805,Torrance Moore,2018-11-21 17:00:00,1
1806,Dr. Salvatore Dibbert,2018-11-08 12:30:00,57
1807,Steve Moore,2018-11-20 20:30:00,96
1808,Sigmund O'Conner,2018-11-22 13:30:00,84
1809,Dewitt Reichert,2018-11-14 17:30:00,27
1810,Eula DuBuque,2018-11-23 14:00:00,48
1811,Earnestine Roob Sr.,2018-11-13 17:30:00,80
1812,Mrs. Jefferey Emmerich,2018-11-10 12:30:00,44
1813,Eileen Lehner,2018-11-17 17:00:00,8
1814,Trevion Schiller,2018-11-12 14:30:00,35
1815,Lavada Heidenreich,2018-11-18 15:00:00,43
1816,Emilio Kuhlman,2018-11-10 13:00:00,33
1817,Jett Gorczany II,2018-11-10 13:00:00,14
1818,Terrance Hills,2018-11-21 13:00:00,72
1819,Ramiro Reichel DDS,2018-11-20 15:30:00,24
1820,Kaylie Lockman,2018-11-25 12:30:00,74
1821,Murl Stark,2018-11-17 13:00:00,0
1822,Pansy Von,2018-11-10 20:30:00,84
1823,Dion Runolfsson,2018-11-11 15:30:00,0
1824,Dalton Jacobs,2018-11-24 20:00:00,87
1825,Vilma Beier,2018-11-10 14:00:00,97
1826,Eden Anderson,2018-11-16 18:00:00,58
1827,Leora Huels,2018-11-12 20:30:00,44
1828,Adrian Kutch,2018-11-19 17:00:00,1
1829,Ms. Marcelino Lynch,2018-11-18 19:00:00,40
1830,Armando Hirthe,2018-11-10 17:30:00,37
1831,Dallin Lockman,2018-11-21 12:30:00,45
1832,Dr. Hadley Reilly,2018-11-09 19:30:00,78
1833,Jules VonRueden,2018-11-11 19:00:00,93
1834,Retta Lowe,2018-11-22 12:30:00,88
1835,Laverna Koepp Jr.,2018-11-16 12:00:00,67
1836,Lolita Hettinger,2018-11-25 20:30:00,42
1837,Estell Halvorson DVM,2018-11-10 15:00:00,97
1838,Miss Adolph Lebsack,2018-11-25 21:30:00,76
1839,Marshall Bernier,2018-11-19 18:30:00,72
1840,Jordon Nikolaus,2018-11-19 18:30:00,57
1841,Ms. Anahi Barton,2018-11-20 15:00:00,8
1842,Sim Conroy,2018-11-20 18:30:00,38
1843,Ms. Lesley Dickens,2018-11-14 15:00:00,67
1844,Miss Halle Runolfsson,2018-11-22 12:30:00,61
1845,Dereck Bailey,2018-11-15 12:00:00,21
1846,Keyshawn Huel,2018-11-09 13:30:00,57
1847,Kamren Kris,2018-11-10 19:30:00,33
1848,Mr. Jayson Yundt,2018-11-17 15:00:00,63
1849,Mariam Lindgren,2018-11-10 21:00:00,66
1850,Alexys Graham,2018-11-22 15:00:00,26
1851,Gino Nienow,2018-11-15 17:30:00,30
1852,Tracey Ratke,2018-11-26 20:00:00,73
1853,Ms. Icie Rogahn,2018-11-11 19:30:00,4
1854,Sincere Hoeger,2018-11-19 13:00:00,75
1855,Abigail Wilkinson,2018-11-21 19:00:00,12
1856,Carmela Reichel,2018-11-10 12:30:00,89
1857,Jeramie Koepp,2018-11-22 16:30:00,15
1858,Florence Lemke,2018-11-12 16:00:00,3
1859,Elmo Padberg,2018-11-09 12:30:00,55
1860,Trace Gibson,2018-11-13 21:30:00,5
1861,Ms. Geraldine Veum,2018-11-18 16:30:00,8
1862,Alyson Cremin,2018-11-22 14:00:00,39
1863,Ms. Willard Lockman,2018-11-17 19:30:00,5
1864,Matt Borer,2018-11-24 21:30:00,91
1865,Miss Efren Pagac,2018-11-09 19:00:00,16
1866,Charlie Leffler,2018-11-19 18:00:00,63
1867,Burley Rodriguez,2018-11-13 18:30:00,53
1868,Wyatt O'Hara III,2018-11-25 13:30:00,98
1869,Terrence Hahn,2018-11-20 12:00:00,52
1870,Brooke Schoen,2018-11-10 19:00:00,20
1871,Asa Carter,2018-11-21 21:30:00,20
1872,Mr. Tyler O'Reilly,2018-11-23 17:30:00,95
1873,Alessandra Weimann,2018-11-26 17:00:00,17
1874,William Ankunding,2018-11-24 20:30:00,97
1875,Magnolia Davis,2018-11-19 15:00:00,86
1876,Clemmie Ratke,2018-11-13 18:00:00,52
1877,Jazmyn Dickens PhD,2018-11-16 21:00:00,55
1878,Jaleel Moore,2018-11-24 17:00:00,28
1879,Marquise Sawayn,2018-11-13 18:30:00,96
1880,Vern Collier,2018-11-25 16:30:00,76
1881,Mr. Carmel Russel,2018-11-10 16:00:00,2
1882,Onie Green,2018-11-11 20:00:00,1
1883,Alda Glover,2018-11-19 16:30:00,29
1884,Mrs. Kyle Nader,2018-11-16 19:30:00,69
1885,Michel Dach,2018-11-19 18:30:00,72
1886,Marc Sanford MD,2018-11-09 17:30:00,79
1887,Jane Connelly,2018-11-09 21:00:00,80
1888,Miss Merlin Kuhlman,2018-11-25 18:00:00,30
1889,Wilbert Douglas,2018-11-08 21:30:00,14
1890,Dedric Tremblay,2018-11-09 17:00:00,69
1891,Hester Ziemann,2018-11-21 20:30:00,29
1892,Raina Lind,2018-11-22 21:30:00,4
1893,Maurine Rau,2018-11-13 17:30:00,46
1894,Toby Zemlak,2018-11-16 15:30:00,8
1895,Ryann Runte,2018-11-14 13:30:00,59
1896,Georgette Bayer,2018-11-23 13:00:00,19
1897,Alexie Upton,2018-11-23 12:30:00,12
1898,Jasper D'Amore III,2018-11-12 12:30:00,0
1899,Lesley Herzog,2018-11-12 13:00:00,8
1900,Misael Cassin,2018-11-17 16:00:00,67
1901,Zoie Steuber,2018-11-21 14:30:00,91
1902,Kirsten Balistreri Jr.,2018-11-24 21:30:00,78
1903,Emelia Davis,2018-11-12 19:30:00,35
1904,Jammie Johns,2018-11-16 15:30:00,0
1905,Armand Kunde,2018-11-13 16:30:00,6
1906,Ewell Mertz V,2018-11-13 21:30:00,8
1907,Miss Patricia Haley,2018-11-23 21:30:00,57
1908,Jayme Cronin,2018-11-13 15:00:00,70
1909,Billy Haag I,2018-11-10 12:00:00,50
1910,Rogers Cruickshank,2018-11-10 17:00:00,62
1911,Demario Thompson,2018-11-17 15:00:00,15
1912,Annamae Steuber,2018-11-20 16:00:00,54
1913,Marisa Cummings,2018-11-17 15:30:00,51
1914,Garret Hessel,2018-11-09 21:30:00,97
1915,Arvid Hand,2018-11-13 14:30:00,24
1916,Marshall Hyatt,2018-11-12 18:30:00,2
1917,Deanna Breitenberg,2018-11-16 19:30:00,30
1918,Darrell Haag IV,2018-11-22 21:00:00,41
1919,Alan Gleason,2018-11-24 19:30:00,36
1920,Leila Jacobson,2018-11-11 14:00:00,24
1921,Melvin Jacobi I,2018-11-10 15:00:00,55
1922,Kiara Bergnaum,2018-11-22 16:30:00,42
1923,Trever Graham,2018-11-13 21:30:00,19
1924,Katlyn Parisian,2018-11-20 13:00:00,50
1925,Eliane Block,2018-11-11 16:30:00,22
1926,Else Kessler Jr.,2018-11-21 21:00:00,95
1927,Gwendolyn Breitenberg IV,2018-11-12 15:00:00,77
1928,Elisabeth DuBuque,2018-11-13 16:30:00,59
1929,Tamia Ernser,2018-11-23 15:30:00,77
1930,Emory Ryan,2018-11-22 13:30:00,20
1931,Shaun Harvey,2018-11-18 15:30:00,22
1932,Ola Murazik,2018-11-21 13:00:00,74
1933,Leopold Okuneva,2018-11-24 21:00:00,31
1934,Dominic Toy,2018-11-25 12:00:00,63
1935,Annabel Powlowski,2018-11-24 13:30:00,46
1936,Ms. Stefan Abernathy,2018-11-19 16:30:00,50
1937,Loyce Gaylord,2018-11-11 18:00:00,14
1938,Jayde Farrell,2018-11-22 17:00:00,29
1939,Salvatore Krajcik,2018-11-14 18:30:00,54
1940,Zaria Berge,2018-11-20 16:30:00,47
1941,Jolie Goldner,2018-11-09 17:00:00,77
1942,Arely Weissnat,2018-11-18 13:30:00,86
1943,Ms. Garret Hills,2018-11-10 20:00:00,21
1944,Eladio Lebsack DDS,2018-11-11 21:00:00,37
1945,Leola Auer V,2018-11-16 14:30:00,40
1946,Alayna Ward,2018-11-23 16:00:00,83
1947,Mack Adams,2018-11-21 13:00:00,83
1948,Breanne Hilpert,2018-11-14 13:00:00,22
1949,Dashawn Raynor,2018-11-24 18:00:00,66
1950,Abelardo O'Keefe,2018-11-24 15:00:00,45
1951,Minnie Kovacek,2018-11-18 18:30:00,99
1952,Neoma Hettinger,2018-11-14 17:00:00,14
1953,Emilio Prohaska,2018-11-25 12:00:00,3
1954,Sophia Lind,2018-11-15 19:30:00,76
1955,Hadley Prosacco,2018-11-16 13:30:00,2
1956,Jarvis O'Reilly,2018-11-09 17:30:00,91
1957,Helmer Harris,2018-11-24 13:00:00,56
1958,Benton Smitham Sr.,2018-11-26 12:00:00,40
1959,Emilio Wehner,2018-11-26 20:30:00,56
1960,Ayden Feeney,2018-11-08 16:30:00,22
1961,Miss Adolphus Hansen,2018-11-13 14:30:00,99
1962,Branson Kiehn,2018-11-22 21:30:00,47
1963,Jerome Goyette,2018-11-23 17:30:00,46
1964,Iliana Farrell,2018-11-12 16:30:00,18
1965,Miss Verlie Yost,2018-11-11 14:00:00,84
1966,Brenda Bergnaum,2018-11-11 21:30:00,83
1967,Beverly Hauck,2018-11-14 13:00:00,83
1968,Clementina Brekke,2018-11-15 16:30:00,33
1969,Ms. Darby Nienow,2018-11-08 20:30:00,54
1970,Theresia Armstrong IV,2018-11-19 21:30:00,80
1971,Miss Shayna Wolf,2018-11-21 15:30:00,94
1972,Ms. Kaitlyn Weimann,2018-11-22 13:30:00,32
1973,Makenna Lehner,2018-11-14 19:30:00,98
1974,Ransom Auer,2018-11-19 15:30:00,47
1975,Zoe Mann,2018-11-22 12:00:00,35
1976,Kameron Douglas,2018-11-11 18:30:00,41
1977,Gennaro Nikolaus,2018-11-25 19:30:00,25
1978,Zaria Veum,2018-11-20 13:30:00,94
1979,Lyda Price IV,2018-11-08 16:00:00,90
1980,Sherwood Williamson,2018-11-14 15:30:00,77
1981,Alphonso Rogahn,2018-11-25 21:30:00,74
1982,Carley Flatley,2018-11-11 14:00:00,75
1983,Alicia Donnelly,2018-11-22 21:00:00,71
1984,Arnoldo Collier,2018-11-23 21:30:00,10
1985,Marietta Willms II,2018-11-26 15:00:00,71
1986,Marquis Simonis,2018-11-20 12:00:00,52
1987,Liza Gibson,2018-11-23 13:30:00,87
1988,Mrs. Valentine Volkman,2018-11-21 19:00:00,91
1989,Reta Gerlach,2018-11-25 19:00:00,93
1990,Miss Vada Wiza,2018-11-16 16:00:00,87
1991,Nathan Schuster,2018-11-25 15:30:00,94
1992,Manuel Romaguera,2018-11-14 21:00:00,34
1993,Arlie Kris,2018-11-08 21:30:00,80
1994,Marian Leffler,2018-11-09 18:30:00,48
1995,Mr. Wendy Bahringer,2018-11-24 19:30:00,91
1996,Corine Friesen Sr.,2018-11-19 15:30:00,81
1997,Lura Rath,2018-11-19 19:00:00,94
1998,Serena Bashirian,2018-11-16 17:00:00,61
1999,Michele Torphy,2018-11-19 21:00:00,42
2000,Arno Funk,2018-11-16 20:00:00,58
